195,164,133,112,97,79,67,58,53,47,40,34,36,32,30,27,23,22,21,26,24,19,22,18,22,19,18,22,23,18,22,18,18,19,19,18,22,19,21,18,17,17,16,17,21,20,19,20,16,20,20,15,20,16,20,19,14,19,15,21,16,18,20,19,19,18,17,14,20,16,18,16,16,16,16,19,15,20,19,18,14,18,18,19,15,16,15,17,17,21,18,16,19,15,20,19,20,19,16,19,16,17,17,16,14,19,16,16,20,20,15,16,17,17,20,21,16,16,20,16,16,19,16,21,17,19,19,19,19,18,15,21,21,19,16,15,16,20,16,19,19,19,19,19,18,14,15,21,20,16,14,17,19,20,19,19,14,19,16,15,16,19,20,15,18,19,14,18,21,17,16,16,20,19,19,18,18,15,16,18,16,14,19,16,20,16,18,16,20,21,15,16,17,16,19,19,18,18,15,18,18,14,20,20,16,16,20,19,16,16,16,19,16,15,18,20,18,19,18,21,18,17,20,21,20,19,20,16,16,20,15,20,19,16,19,19,15,19,16,19,16,16,19,15,21,19,16,18,14,20,18,19,18,15,20,20
192,161,133,113,98,83,72,62,53,42,43,34,35,31,32,28,26,23,22,22,26,20,23,20,23,22,21,21,23,18,16,20,21,20,20,18,19,20,20,16,15,19,18,20,20,15,19,19,16,20,15,16,16,16,20,14,14,22,20,17,17,19,19,16,15,18,17,14,14,16,15,20,20,19,14,17,19,16,16,15,15,16,17,21,17,15,17,20,16,20,16,16,16,20,16,16,16,16,17,21,17,15,17,20,21,20,19,16,15,22,20,20,20,20,15,21,20,19,17,17,20,20,16,16,20,20,20,20,19,15,18,16,16,16,16,19,20,21,17,21,17,17,16,20,20,18,14,20,16,20,15,19,16,16,16,18,16,16,16,14,19,15,16,16,16,19,19,17,18,19,17,16,12,13,18,14,20,20,15,16,18,14,17,21,16,20,16,16,19,20,15,18,20,19,15,16,16,20,20,19,20,20,14,20,16,16,17,18,21,16,16,16,17,20,18,17,20,17,16,20,17,16,21,20,20,20,16,16,16,16,15,21,22,17,18,20,20,20,16,16,19,19,19,15,19,16,15,21,17,19,14,15,17,20,16,16
196,165,134,114,99,80,67,64,50,48,40,39,34,32,25,27,22,26,25,24,20,19,19,18,18,22,23,23,20,21,21,18,20,16,16,16,20,15,21,16,16,16,16,16,14,16,21,16,20,16,20,16,16,16,15,17,20,16,14,17,16,19,15,16,19,19,18,19,18,17,17,13,19,18,19,19,19,18,17,18,18,16,14,19,14,16,18,20,16,19,15,20,16,19,15,20,20,16,20,16,15,21,18,22,18,20,17,16,18,18,17,18,17,20,19,15,20,17,20,20,19,16,20,20,15,16,17,21,16,21,20,16,20,20,15,17,20,15,20,20,18,19,15,19,20,16,16,16,14,15,20,16,19,20,14,20,19,15,20,13,15,19,19,18,15,16,18,20,18,15,20,19,20,16,14,16,16,20,20,18,18,15,16,16,21,18,17,17,19,15,21,21,16,16,19,19,21,18,19,19,20,19,15,19,19,16,15,21,16,20,18,15,22,19,16,21,20,16,18,15,18,20,16,17,18,21,22,21,19,17,17,21,20,19,17,20,20,16,18,18,18,16,16,15,15,17,20,17,19,18,16,16,16,19,19,16
199,168,138,112,95,80,72,62,51,45,42,39,35,27,31,28,22,22,23,26,25,25,20,20,23,19,18,19,22,19,23,18,22,21,21,21,20,20,19,18,16,15,20,21,16,19,19,19,20,15,17,19,19,19,15,20,16,20,19,20,16,19,16,19,21,20,13,15,20,17,20,15,17,21,21,20,15,16,17,20,20,18,20,22,21,16,16,16,17,16,17,17,21,22,21,17,21,20,17,17,21,17,19,21,21,16,17,20,16,18,18,18,23,18,20,22,23,19,22,17,21,20,16,21,20,16,14,17,17,20,20,19,16,14,20,20,20,16,19,16,19,19,19,19,14,15,17,17,16,20,19,18,14,16,16,16,15,17,16,15,20,20,15,18,20,15,21,19,20,16,19,18,19,15,20,16,20,20,19,19,16,19,16,16,16,16,20,20,20,16,16,19,17,19,20,20,16,19,19,17,19,16,16,16,15,17,21,17,17,17,17,21,20,20,17,17,20,20,20,20,19,20,19,18,20,18,15,20,15,20,20,20,16,15,16,19,19,18,15,20,19,14,16,20,15,22,20,20,16,15,18,19,16,17,19,15
197,168,135,119,99,79,72,64,52,44,39,35,32,33,26,24,23,24,22,25,24,23,19,19,23,18,22,21,17,19,18,22,22,21,21,20,15,16,21,21,15,17,16,16,21,16,17,16,19,19,15,21,19,16,19,18,19,19,15,19,18,16,19,16,17,15,17,20,20,16,20,19,16,16,20,16,17,16,21,20,17,16,20,16,17,21,15,18,18,22,18,20,23,18,18,23,19,23,23,18,23,22,22,18,18,23,23,20,17,18,17,21,18,18,17,19,20,18,21,19,21,17,19,17,19,20,16,16,19,19,19,19,18,19,15,19,18,15,19,19,15,19,20,14,21,15,19,21,19,20,20,16,15,19,18,15,22,14,19,16,17,21,20,18,16,16,16,18,21,16,16,17,16,20,16,17,20,16,16,18,21,17,16,20,21,18,19,21,16,17,19,21,22,20,16,16,20,16,18,16,20,17,18,21,18,21,18,16,21,21,21,20,16,14,18,18,18,19,18,21,18,22,18,18,18,18,21,18,22,21,18,17,21,17,21,16,19,19,15,20,15,18,19,16,16,15,17,17,20,20,19,19,19,15,16,15
202,167,140,118,95,87,70,62,57,45,40,37,32,32,29,28,22,25,20,20,20,24,18,19,22,19,17,17,17,20,17,21,19,17,13,16,18,19,14,15,20,19,16,16,20,16,15,17,20,20,18,18,18,15,20,20,14,20,14,18,22,20,18,17,17,15,20,19,16,20,16,19,16,14,21,19,16,18,21,16,20,22,22,20,20,20,19,20,20,16,20,16,17,18,16,16,16,21,16,20,16,20,21,19,16,19,19,15,16,19,18,20,16,15,20,16,20,16,20,16,15,19,19,15,20,19,16,16,20,15,19,20,15,22,18,20,20,18,16,19,15,16,19,15,17,21,17,19,16,14,17,19,17,18,15,18,21,21,21,19,19,17,16,16,18,17,20,17,16,20,16,17,17,16,17,21,20,16,18,17,18,21,22,22,17,19,22,17,19,22,22,18,18,20,17,18,18,19,19,20,22,18,18,21,17,18,22,22,22,18,18,19,18,18,21,19,22,17,17,21,20,17,20,19,19,19,19,15,19,16,16,17,20,16,17,16,16,16,19,17,14,16,16,16,19,16,16,19,19,16,16,19,16,19,16,18
195,160,137,113,94,77,66,59,52,42,37,36,32,28,23,25,21,22,26,20,20,23,19,23,20,19,18,22,18,18,22,23,18,19,18,18,21,18,19,21,17,21,16,20,18,19,20,15,20,19,15,20,20,15,16,17,20,19,16,18,16,16,19,19,14,20,21,16,16,20,19,16,17,16,19,16,16,16,20,16,20,16,19,15,16,16,17,16,15,21,17,18,16,21,19,21,21,17,20,19,19,14,19,15,20,15,16,20,19,19,16,20,14,16,17,20,20,20,20,19,16,15,20,20,18,16,15,16,17,19,19,17,16,18,14,19,18,19,14,17,18,14,19,16,13,18,18,18,14,15,20,18,16,19,19,17,20,20,19,15,20,20,15,19,16,15,17,20,21,16,19,16,20,18,15,20,16,20,19,19,18,19,15,19,16,20,16,15,17,20,15,17,17,21,16,21,20,15,21,19,19,19,16,19,18,15,20,19,15,20,20,21,19,17,16,18,15,19,17,16,19,17,20,15,16,16,19,19,20,15,17,16,16,15,21,20,19,16,16,14,16,18,20,17,19,17,16,16,16,18,19,20,17,15,19,16
196,160,132,115,96,80,65,57,48,46,37,35,32,25,27,27,24,21,22,21,17,19,15,16,17,16,16,14,20,16,19,15,16,16,15,20,16,19,14,20,19,18,18,15,20,18,16,12,15,19,19,13,13,19,15,16,16,19,15,19,21,14,15,16,20,19,15,15,20,16,17,16,19,16,20,16,14,18,19,19,14,19,16,13,18,14,17,12,17,13,18,13,17,17,14,16,18,18,18,16,15,16,20,15,16,20,18,18,14,19,14,14,18,15,16,16,19,18,14,20,20,18,16,13,15,16,16,16,15,16,17,13,14,16,16,19,15,16,16,16,19,16,17,14,20,16,14,15,17,20,16,18,16,15,18,15,14,18,13,19,15,18,16,14,15,19,20,18,17,18,15,15,20,19,16,20,14,19,19,16,19,13,14,18,15,18,16,16,16,11,17,13,17,14,18,18,13,15,18,15,18,18,14,14,20,18,16,17,16,13,17,14,14,19,16,19,18,14,16,15,20,20,20,15,16,16,17,14,15,16,19,15,19,15,16,15,14,16,15,16,16,16,13,19,18,15,18,14,15,21,21,20,14,16,19,16
194,158,135,113,93,82,66,60,52,43,37,34,30,29,25,23,22,26,24,23,19,19,23,18,18,16,17,17,17,18,19,19,18,19,17,13,14,15,16,19,16,19,18,14,18,14,18,16,20,15,19,15,16,16,13,13,18,19,14,16,16,18,17,18,12,17,18,15,15,15,15,18,14,16,19,18,18,14,18,17,18,18,18,17,15,12,18,13,17,13,18,15,15,16,18,18,19,14,19,14,15,15,19,19,14,19,15,16,16,19,19,18,13,19,16,11,14,14,16,16,13,13,15,19,14,15,16,16,16,16,15,15,16,20,16,20,14,17,17,18,18,18,13,18,17,15,18,19,19,14,18,18,14,20,13,13,16,15,17,19,17,18,14,18,15,16,19,14,15,13,16,15,19,19,18,19,14,20,16,13,18,18,15,16,13,17,17,19,14,14,17,15,16,19,13,16,15,16,20,14,19,19,15,20,18,18,16,14,16,17,13,16,14,18,14,15,19,19,15,14,14,20,15,15,15,16,14,19,16,17,14,16,15,20,15,13,15,18,15,16,13,20,14,15,18,14,16,16,19,13,14,19,15,17,18,18
192,163,132,114,96,77,67,60,49,42,41,37,28,27,29,29,26,24,20,18,18,22,18,16,19,19,19,19,14,16,16,14,20,15,15,19,16,15,16,16,15,16,16,19,18,18,14,16,15,16,16,16,19,15,16,19,15,21,19,14,17,16,19,14,19,15,17,20,18,14,19,19,16,17,12,18,14,14,15,18,20,20,15,19,18,15,20,15,20,13,19,14,16,14,15,16,15,17,17,18,14,15,20,16,15,16,16,16,14,19,19,15,20,13,18,14,16,16,13,13,16,19,19,16,18,16,15,16,16,20,17,16,19,18,20,16,19,12,18,14,20,19,16,13,14,19,18,13,12,18,14,16,19,14,15,15,17,20,19,13,15,20,20,15,19,19,16,15,17,14,19,17,18,17,12,14,18,14,14,14,16,19,17,14,15,15,21,19,15,19,19,15,16,13,13,18,18,17,13,14,16,16,16,14,14,15,16,20,18,14,15,20,19,16,14,19,20,19,14,14,20,16,14,16,19,19,19,14,19,13,18,19,14,18,14,16,16,16,20,16,19,18,14,15,16,15,16,16,18,14,19,20,14,18,17,16
189,162,135,112,96,81,68,55,52,42,37,37,34,27,25,24,26,24,23,23,23,24,15,17,22,22,17,20,16,20,20,19,17,15,16,19,19,18,16,15,16,20,15,21,16,19,18,15,16,20,16,19,18,16,17,16,20,18,19,14,16,19,14,20,16,16,16,16,20,16,16,19,15,19,15,19,16,19,18,17,18,14,16,19,14,16,16,14,21,17,20,16,14,20,19,19,18,16,16,13,18,18,15,19,16,19,19,17,14,19,15,19,18,14,19,19,18,17,18,13,16,15,16,20,15,19,16,15,14,13,16,20,16,18,18,13,13,19,15,16,14,15,20,16,20,14,19,19,14,16,18,14,20,20,17,14,14,16,19,16,14,19,15,16,17,17,18,14,20,18,15,19,16,15,14,16,19,18,16,19,14,16,20,20,16,13,13,14,16,15,19,13,18,14,19,14,15,16,19,19,17,14,14,16,16,14,14,21,20,19,14,18,14,16,16,15,18,16,15,21,16,16,14,19,19,16,16,13,18,13,14,18,18,15,20,18,18,14,20,15,20,15,19,15,19,14,17,18,15,15,15,20,20,20,19,18
194,159,133,114,97,79,66,58,50,47,38,35,32,32,29,26,24,21,21,22,25,20,19,19,23,19,23,18,19,23,23,22,17,17,18,18,18,22,18,22,22,21,21,17,21,20,20,16,19,15,21,19,16,16,16,20,16,16,15,21,20,16,19,19,15,20,20,15,15,21,20,20,15,20,20,16,16,19,19,19,16,19,14,16,20,16,20,19,15,16,17,15,16,16,17,20,16,16,19,16,16,16,19,19,20,16,15,17,16,20,21,20,15,17,20,17,21,17,16,16,20,20,16,15,16,20,20,19,20,16,17,15,17,18,16,20,20,14,20,19,15,15,19,14,20,19,16,19,15,16,20,20,18,16,14,20,16,16,16,16,20,16,19,16,16,15,17,16,21,21,16,19,20,16,14,20,20,18,19,19,15,19,15,20,16,17,20,19,16,15,21,20,19,15,20,20,15,15,21,22,20,16,19,20,16,18,16,19,16,16,19,19,19,16,20,19,15,18,21,17,21,16,15,21,20,20,17,20,16,16,15,16,20,20,20,16,19,19,19,16,16,18,19,18,15,17,20,19,16,20,19,19,18,18,15,20
194,162,136,113,91,78,71,59,54,44,39,37,32,28,32,26,26,24,20,19,23,19,20,19,21,21,17,22,22,17,16,16,20,17,20,14,19,16,16,16,16,16,16,16,16,19,19,15,20,18,14,20,20,19,16,16,16,16,20,17,18,16,19,16,15,16,16,20,16,16,20,20,16,16,18,20,19,15,21,16,19,19,15,16,16,20,19,19,15,16,18,16,18,20,20,18,18,15,20,15,16,17,18,16,16,19,19,16,18,19,16,15,20,15,21,18,19,19,15,20,15,18,21,21,21,16,15,20,19,16,15,21,16,16,15,20,20,16,16,17,14,19,19,19,18,14,16,20,15,17,20,16,16,20,16,20,19,20,18,18,19,20,20,17,14,16,15,20,19,20,15,16,19,15,19,18,20,19,17,16,15,16,19,16,16,15,20,16,19,19,20,15,20,16,16,16,20,15,20,20,20,14,16,16,20,19,15,16,16,20,20,19,18,18,18,15,16,16,16,16,17,17,16,20,20,19,14,19,16,16,14,20,16,16,20,17,21,16,20,16,19,15,16,16,20,15,16,20,19,21,14,20,19,20,20,14
192,163,133,115,96,77,65,56,53,42,38,33,34,27,30,24,26,25,23,20,24,22,19,18,19,19,17,18,22,22,17,20,20,16,20,20,14,16,15,17,21,19,20,16,15,17,15,19,16,16,16,20,16,15,16,20,19,19,18,16,18,18,18,18,16,18,14,16,16,20,16,14,18,16,19,16,14,19,16,18,19,14,20,15,17,16,14,19,20,15,17,16,16,16,16,16,19,20,16,20,19,15,20,19,15,21,16,14,16,16,20,20,15,17,17,20,19,18,20,19,16,16,19,16,18,17,18,14,18,18,15,16,16,20,18,13,20,18,18,14,19,16,16,16,16,16,19,19,16,15,17,17,20,15,17,16,15,20,15,20,17,19,18,17,16,15,18,18,16,19,14,15,20,16,18,16,18,15,19,15,20,14,16,20,19,16,14,16,16,20,20,14,19,19,18,15,19,17,15,16,16,18,19,14,16,16,14,21,20,16,20,19,19,19,16,16,18,14,20,20,16,18,15,20,17,20,20,16,19,19,16,14,20,19,19,20,18,18,14,19,16,15,20,18,19,16,17,15,20,20,20,14,16,19,20,18
192,158,131,109,95,78,68,58,52,44,39,36,33,27,26,25,22,20,18,20,19,19,19,14,18,18,16,14,20,16,19,20,14,18,14,16,16,21,16,18,19,15,21,16,14,15,20,16,19,16,16,14,16,18,13,15,16,20,17,13,15,20,19,13,12,14,21,15,14,19,20,20,19,18,17,19,18,18,18,17,15,14,16,16,14,21,19,15,16,13,18,18,19,18,16,18,18,13,14,16,20,18,19,14,20,19,15,19,14,15,20,16,20,15,15,20,16,19,16,14,16,16,16,18,13,19,15,16,15,17,17,20,20,16,16,20,16,20,14,17,20,16,19,14,16,18,14,20,14,17,18,19,15,18,16,13,19,19,18,14,20,19,19,16,12,15,18,18,14,19,15,20,18,18,14,18,15,20,16,12,18,15,16,19,19,15,19,15,15,18,19,15,19,16,18,15,20,20,16,17,17,14,16,15,18,16,15,20,18,13,19,18,19,14,14,19,18,16,17,14,15,20,16,19,16,14,16,16,15,16,15,21,16,19,14,15,17,20,18,13,16,16,19,18,13,19,18,14,15,14,21,18,17,13,16,18
190,165,132,111,97,81,67,55,48,44,36,31,32,28,27,23,24,22,19,22,23,18,20,19,22,22,18,18,21,17,22,18,17,16,21,16,16,16,21,17,19,18,18,14,21,19,16,19,17,20,16,15,20,16,16,18,17,16,17,17,19,16,19,16,16,20,19,20,15,20,20,15,16,20,19,16,20,16,20,20,21,16,19,15,19,16,19,19,17,20,15,20,15,22,18,19,20,16,16,20,19,20,19,19,15,19,19,19,15,19,20,14,20,20,16,20,16,15,20,16,20,16,19,19,16,16,20,16,20,15,16,18,15,16,19,16,19,19,18,15,21,19,14,20,16,16,17,20,15,18,17,22,20,18,21,20,19,15,21,16,16,16,16,16,20,20,19,15,20,20,16,20,15,16,20,16,21,15,19,18,18,18,22,21,21,16,19,19,16,17,20,20,19,16,18,17,20,19,19,19,16,14,19,16,16,16,19,16,16,15,19,21,16,17,19,15,20,19,16,18,20,16,19,19,16,16,15,19,16,15,19,15,20,20,16,19,19,14,20,19,20,14,21,19,15,20,16,19,20,18,20,18,19,17,15,20
195,163,132,114,95,79,72,62,51,47,42,37,34,28,23,26,23,22,25,19,19,20,19,19,18,21,21,17,16,15,20,21,17,18,20,21,17,21,21,16,15,18,20,17,19,15,17,17,17,18,17,16,21,17,14,19,20,16,20,16,15,17,18,21,19,19,20,14,20,19,19,15,16,18,20,19,16,17,16,15,17,20,17,19,19,14,20,20,16,15,16,16,20,19,15,19,19,19,15,15,20,19,19,16,20,19,19,15,20,14,16,19,19,20,18,15,16,19,20,18,18,19,18,16,15,17,16,16,20,19,19,14,14,20,19,16,18,19,17,15,17,21,19,20,19,19,15,15,21,16,16,16,16,17,17,17,17,20,20,16,15,17,16,17,19,20,21,16,20,16,16,16,16,20,16,16,16,16,20,20,19,19,15,20,20,20,15,17,19,18,17,19,15,19,16,16,20,18,18,16,17,17,20,19,15,16,21,20,15,20,19,19,19,18,19,16,16,18,20,19,19,16,18,18,18,19,14,19,18,15,20,15,21,20,20,20,19,19,15,19,20,19,16,14,19,21,19,15,20,19,19,18,14,20,15,20
194,160,136,115,92,82,72,58,51,43,38,33,34,26,29,23,26,25,21,21,19,19,22,20,21,15,20,20,21,20,16,13,19,16,16,17,17,17,14,19,18,17,13,19,18,13,18,15,19,19,18,13,18,18,14,14,16,16,21,19,15,19,18,18,18,17,13,14,17,19,17,16,13,20,16,14,20,16,20,20,16,14,20,18,18,16,14,16,16,16,16,19,19,19,19,14,19,15,15,20,18,18,16,18,19,18,14,19,16,15,19,17,16,16,18,17,16,13,18,14,14,18,19,19,19,18,14,15,14,16,17,18,14,16,15,20,14,16,20,16,21,19,16,19,19,15,16,15,16,20,15,19,15,16,15,15,15,20,16,18,13,16,14,16,20,14,16,15,18,21,18,19,14,16,20,18,18,14,19,16,14,16,20,16,16,18,18,13,19,15,18,15,19,15,17,14,19,19,19,19,14,17,17,17,13,12,12,17,18,18,16,11,17,17,18,17,12,18,13,15,14,15,20,16,20,17,17,16,12,14,13,18,17,16,19,17,15,18,13,18,17,12,13,15,15,16,19,15,20,20,15,20,15,16,16,16
196,160,137,114,96,80,64,56,47,43,40,34,31,29,25,23,25,19,19,23,17,21,21,17,17,20,15,16,16,16,19,16,15,15,20,19,14,15,16,20,20,18,14,15,21,16,17,14,16,19,16,16,18,15,17,16,15,19,16,20,19,14,18,14,16,17,14,20,15,22,21,18,16,20,16,19,17,15,15,19,18,12,18,19,18,19,14,14,18,19,19,13,14,15,19,21,14,15,20,17,19,13,18,14,20,15,19,19,18,14,20,15,18,15,16,15,18,16,16,17,20,18,18,18,19,15,18,19,19,14,14,19,17,18,18,17,14,19,15,20,20,16,15,17,16,15,15,16,19,20,19,13,18,16,19,15,18,18,15,16,15,16,15,20,17,20,19,17,18,19,19,14,19,18,16,19,14,13,16,19,18,15,19,16,16,15,19,19,16,19,16,14,14,20,16,20,15,19,19,14,20,18,18,14,15,20,18,20,15,18,21,16,19,19,19,15,19,13,18,18,15,17,19,14,15,16,19,18,15,19,20,18,19,14,16,16,15,15,18,16,19,14,15,21,17,20,14,19,15,16,16,18,15,16,18,16
192,162,132,111,97,82,66,58,55,48,36,36,30,29,30,23,27,22,26,24,22,21,17,21,18,16,20,20,19,19,19,18,13,16,16,15,15,16,19,20,18,17,15,17,14,13,15,20,15,15,15,21,16,19,20,14,18,18,15,20,16,14,17,16,19,15,15,21,18,16,18,16,19,19,18,15,19,20,19,19,18,14,19,16,19,16,16,16,15,14,17,12,17,14,15,19,15,16,18,19,14,19,19,18,15,16,15,20,16,16,18,18,14,19,20,18,13,15,20,16,19,15,19,17,19,16,19,16,15,16,20,16,19,17,16,16,20,16,18,18,14,15,19,15,16,17,19,15,18,19,14,20,19,19,17,12,18,13,18,18,14,16,16,19,16,19,14,16,19,19,14,15,19,19,15,15,17,16,19,16,20,20,14,19,14,16,20,16,14,16,20,19,19,15,16,18,15,16,15,17,20,16,20,16,19,15,16,17,19,14,16,19,16,14,18,19,18,15,14,14,21,17,20,15,17,20,19,16,19,18,16,18,15,19,17,14,19,15,16,16,20,17,19,14,16,19,15,16,19,16,14,18,20,18,18,19
191,161,136,110,97,82,68,59,48,46,41,37,27,25,28,27,26,22,21,23,19,20,20,23,19,23,20,19,19,18,18,22,22,22,17,18,18,18,18,22,19,18,18,18,22,23,18,19,18,22,18,18,22,17,16,18,18,19,17,20,17,20,20,16,15,18,18,21,17,21,21,20,20,15,20,16,17,20,19,16,20,18,19,19,19,15,16,15,20,20,21,16,16,15,20,20,17,19,19,19,18,19,15,16,16,15,16,17,20,16,21,20,16,19,15,16,20,16,17,20,16,15,21,20,20,16,16,16,20,15,19,18,18,19,17,17,12,17,14,15,16,19,15,20,20,20,16,15,16,19,16,20,20,16,16,15,18,17,20,16,19,17,21,15,20,22,17,21,17,16,16,16,19,15,20,19,20,15,20,20,19,16,15,19,20,15,20,16,20,16,17,20,20,17,19,15,16,20,16,16,19,20,17,19,17,20,17,18,20,19,15,18,16,19,16,19,20,15,15,17,20,22,20,19,16,19,19,19,15,16,16,20,16,19,15,16,17,15,19,20,16,19,20,19,15,16,17,20,16,17,16,17,20,19,16,19
192,160,129,110,96,76,69,60,53,43,41,35,28,31,29,23,26,21,21,19,19,18,22,23,23,16,19,19,20,18,16,14,15,17,19,16,19,15,18,19,20,15,14,20,19,15,15,19,20,20,18,18,19,19,19,15,18,15,20,17,15,19,19,20,19,14,19,16,14,16,20,19,15,16,20,16,18,18,15,20,19,18,14,20,19,18,13,18,18,18,15,19,20,19,19,18,14,17,19,20,14,18,19,15,20,20,14,19,19,15,19,18,16,18,14,14,16,18,21,21,17,14,15,16,15,20,16,18,15,21,16,19,16,19,19,18,19,16,15,15,18,16,17,19,17,15,15,20,20,13,19,16,20,18,19,19,18,19,17,15,20,20,20,15,16,21,20,16,16,19,19,19,16,19,14,16,19,16,16,16,19,19,16,15,14,20,16,20,17,16,15,17,21,17,20,16,19,17,17,15,16,20,16,16,19,18,15,21,16,18,14,16,17,16,17,16,16,16,20,15,21,20,20,16,14,17,17,20,16,15,16,16,17,16,19,16,15,20,16,16,20,19,17,19,13,20,19,16,20,19,19,16,16,21,19,17
196,161,133,115,95,83,68,58,54,47,37,34,35,32,24,27,25,22,24,19,21,21,21,17,17,16,16,19,17,20,15,20,16,16,16,18,17,19,19,16,17,18,19,14,16,17,17,18,18,18,13,15,20,16,19,15,18,14,16,15,19,16,18,16,20,13,19,18,19,15,16,15,20,16,16,15,20,16,22,17,19,15,19,16,19,19,18,14,19,16,17,18,14,20,20,20,17,14,17,19,14,16,19,16,14,15,19,17,18,16,19,15,17,16,17,15,20,16,19,19,14,19,19,15,15,20,16,15,16,16,16,20,20,20,18,19,16,15,20,19,16,19,19,20,19,14,15,19,19,16,15,19,19,16,16,19,15,20,16,15,16,20,15,20,19,18,17,14,19,15,15,20,19,19,15,18,15,16,20,16,21,20,18,19,17,14,18,15,20,15,16,19,19,17,16,20,19,19,17,16,19,14,16,14,20,20,15,20,14,20,14,19,16,16,19,15,20,15,20,16,13,14,19,19,15,16,14,16,16,20,18,19,20,15,19,19,16,18,19,15,15,16,16,16,16,18,16,15,19,15,16,16,20,20,15,19
191,163,137,111,94,80,71,58,54,48,37,37,34,30,30,26,27,24,20,21,19,19,23,19,22,18,19,23,18,19,22,20,21,16,16,17,20,17,21,17,16,16,16,21,16,15,20,16,19,16,17,14,16,16,16,16,19,20,15,20,16,15,20,16,20,16,14,17,16,20,16,16,15,16,20,20,16,18,20,16,16,20,19,19,14,16,16,16,16,17,16,18,19,20,20,20,16,18,15,16,16,20,15,16,16,16,19,19,15,19,16,19,16,15,21,16,14,21,17,19,20,19,16,19,16,16,16,17,17,13,19,15,19,15,19,14,19,16,16,16,15,18,21,21,17,19,16,16,20,18,19,16,16,17,18,16,16,20,20,20,19,16,17,19,19,16,15,16,16,16,20,16,17,16,17,20,15,17,20,16,19,20,16,16,16,16,19,16,15,20,17,21,20,20,20,20,16,20,15,21,20,16,17,20,19,16,16,16,16,20,16,19,16,16,16,19,16,16,19,18,19,14,20,19,19,16,16,20,14,20,20,16,16,16,19,16,16,20,20,19,19,19,14,16,17,21,20,18,16,16,18,16,21,20,15,16
192,165,133,115,97,79,70,58,52,46,37,34,29,27,25,26,28,22,25,24,24,22,21,16,16,17,18,20,19,19,21,17,17,14,17,17,21,14,18,16,18,14,16,19,15,18,20,15,16,16,19,19,19,18,18,19,19,14,14,19,20,19,18,17,16,14,15,17,15,20,20,19,19,17,18,19,19,15,16,19,19,20,18,13,14,20,20,19,14,18,19,15,19,18,14,16,15,16,20,20,16,19,18,16,12,18,14,19,18,15,16,15,16,15,17,20,20,20,14,20,20,20,19,17,14,19,19,18,14,19,18,17,19,13,14,17,20,14,20,20,17,16,19,19,19,17,16,14,16,16,20,16,18,17,14,16,19,17,18,14,15,22,19,18,18,19,19,14,15,20,20,15,18,20,15,16,19,18,14,16,20,16,18,14,14,20,17,19,17,18,19,18,13,18,18,19,20,16,17,13,17,18,12,12,17,13,14,16,13,18,19,15,18,17,13,19,16,14,18,16,19,20,17,19,14,19,20,13,18,19,16,16,16,18,18,18,19,19,15,14,19,18,12,19,19,19,19,17,18,13,15,20,14,13,15,16
196,162,132,111,91,83,65,57,53,46,41,37,29,31,28,24,26,21,25,23,19,24,21,18,20,21,21,15,19,19,17,16,15,19,16,20,16,19,19,18,18,15,15,16,19,16,16,18,17,16,15,20,20,16,20,16,15,15,17,17,16,20,17,18,16,15,21,15,21,19,20,19,14,18,20,20,20,20,20,19,15,20,16,16,15,18,18,20,19,17,16,17,19,15,20,16,16,15,19,15,20,18,18,19,18,19,19,17,18,17,17,17,16,13,18,15,16,14,21,20,16,19,18,14,20,18,20,15,16,18,14,19,17,16,14,15,20,16,16,16,19,18,15,20,19,20,15,14,17,20,19,15,16,20,19,20,14,19,19,15,16,15,20,16,15,16,16,19,19,19,15,20,18,15,20,15,16,16,17,21,19,19,16,14,16,14,19,20,15,20,16,19,17,18,18,19,18,18,15,16,15,16,18,16,19,19,18,18,18,19,18,14,15,20,19,16,16,16,19,20,16,15,17,21,20,21,15,19,16,15,17,20,19,20,15,15,20,15,20,15,16,20,16,20,16,20,19,15,16,20,15,20,15,16,16,16
196,160,136,115,95,77,68,63,55,43,43,35,31,34,25,24,23,22,27,25,21,22,24,17,21,20,17,19,19,15,18,20,16,20,17,16,16,18,19,19,16,15,20,15,16,21,16,18,18,18,19,14,13,15,16,17,20,18,15,20,16,16,19,16,19,19,18,13,18,14,15,17,18,15,16,19,17,13,14,15,16,19,16,15,17,20,14,17,18,15,20,19,15,19,15,17,20,14,19,20,14,19,15,16,15,21,21,16,15,16,20,20,15,15,20,20,20,15,17,15,16,19,18,15,21,15,20,20,20,18,16,16,16,16,18,15,20,20,19,16,18,17,18,18,18,15,16,15,16,16,17,17,15,20,16,19,16,18,18,14,19,15,18,15,20,20,19,17,18,14,16,17,15,16,16,16,19,14,19,17,19,16,16,14,12,17,17,13,17,13,15,19,15,19,16,18,18,18,17,18,11,16,15,13,17,13,15,13,19,14,16,16,15,20,19,14,21,16,19,17,19,14,19,14,20,15,19,15,18,15,17,17,16,18,21,16,19,16,16,19,17,19,14,20,16,19,20,14,15,17,16,19,17,17,17,13
191,163,132,110,94,79,72,57,49,47,42,34,32,32,25,27,23,28,26,23,19,19,19,23,22,18,20,23,19,21,21,21,17,20,16,16,16,17,21,17,16,16,16,17,16,19,16,16,20,16,20,16,17,16,20,20,18,16,20,16,20,19,16,16,18,19,15,17,16,18,21,16,16,21,19,16,16,16,16,19,16,16,18,16,20,19,16,17,16,17,17,19,19,15,20,20,16,16,20,18,20,19,19,19,15,21,16,16,20,19,16,16,16,21,16,19,16,16,16,17,19,19,16,15,20,16,20,16,16,20,20,20,14,16,19,20,19,19,15,14,19,19,20,19,15,18,20,17,16,15,20,16,16,16,20,20,16,16,19,16,19,16,16,20,15,20,19,16,15,20,16,20,19,19,19,15,17,18,16,20,16,17,19,20,20,19,19,16,16,14,20,16,20,16,20,19,16,19,16,20,19,20,14,17,21,19,19,20,15,19,19,15,20,16,20,20,15,17,17,20,16,16,19,16,19,19,16,16,20,18,19,16,17,18,16,17,19,19,15,20,20,19,19,17,18,19,19,18,14,19,19,15,17,17,20,16
191,165,132,116,93,80,73,61,53,43,38,33,30,29,30,26,23,22,26,21,26,20,23,17,21,20,17,21,16,19,16,16,19,16,14,16,18,19,18,14,20,20,18,18,14,19,19,19,14,18,14,16,19,14,20,16,17,16,17,16,16,16,21,14,16,20,17,19,14,16,16,15,19,17,18,14,19,16,15,19,15,16,19,15,18,16,16,16,19,15,15,17,20,13,18,13,15,18,18,19,19,15,16,19,15,20,16,16,18,16,14,20,15,15,16,15,18,20,19,14,20,19,15,14,20,16,16,16,20,16,16,20,16,16,17,20,15,15,16,16,16,21,19,19,14,17,20,17,17,15,17,21,18,17,14,15,16,16,16,19,16,20,16,14,14,20,16,19,14,15,17,20,19,16,14,16,15,16,15,16,15,20,15,20,20,19,19,18,13,18,14,19,14,14,19,16,19,16,14,15,19,19,19,13,18,13,15,20,20,14,19,18,16,18,14,19,16,18,16,16,19,14,17,19,19,15,16,15,18,19,18,15,15,15,15,19,19,16,15,19,14,16,16,18,17,17,17,17,13,17,14,15,19,15,16,20
191,160,133,113,97,77,66,58,54,43,42,35,29,32,28,28,22,26,25,21,21,24,19,19,19,22,22,18,17,19,18,22,19,18,23,18,18,22,18,19,17,21,16,21,17,19,20,15,21,18,17,19,16,20,16,17,15,16,21,18,17,21,17,16,16,16,20,19,18,19,19,14,16,20,16,15,21,20,16,20,19,16,15,21,16,17,20,17,17,16,16,16,16,16,16,16,20,20,16,22,19,15,16,17,17,21,16,15,22,21,17,20,16,16,16,16,20,17,17,18,21,20,16,16,16,16,19,16,19,16,19,20,14,20,18,18,19,18,15,20,15,20,16,15,20,19,18,17,17,13,16,16,16,16,12,15,11,16,16,13,15,16,13,15,19,17,12,17,14,19,13,17,13,15,16,16,19,18,15,16,16,14,16,18,16,14,16,20,19,19,14,19,14,16,16,20,15,19,16,19,15,20,18,18,15,16,14,15,19,20,16,12,14,16,15,20,18,18,19,18,13,18,19,15,19,15,19,16,18,14,19,15,19,16,19,18,13,18,15,16,17,16,17,13,14,18,14,17,19,16,15,16,16,15,16,16
192,163,133,111,94,80,71,63,55,44,42,38,34,28,27,26,28,27,26,25,20,22,19,23,18,23,21,19,22,17,17,20,17,16,18,20,16,19,15,17,20,16,20,20,20,15,17,22,18,16,16,21,21,15,21,17,18,16,16,20,19,16,16,15,16,19,16,16,17,19,17,16,16,19,20,19,19,18,16,17,17,20,16,16,20,16,20,16,16,20,15,16,16,20,20,17,18,19,19,19,17,19,19,19,17,14,19,16,20,20,16,18,19,15,17,20,19,16,15,18,21,20,16,16,21,16,15,21,16,20,20,14,15,16,16,20,18,14,20,19,15,16,18,17,21,15,19,19,20,16,13,13,14,16,18,16,16,18,15,19,16,16,16,20,16,16,15,16,20,20,20,17,18,18,18,18,14,19,16,15,20,16,16,15,17,16,19,15,16,19,15,14,19,19,16,17,19,13,16,16,15,16,14,17,20,16,14,19,15,16,17,16,16,16,19,19,19,18,18,14,16,18,15,17,21,16,20,13,16,15,18,19,18,18,15,15,16,15,18,18,17,19,15,19,16,20,18,12,19,14,20,14,15,16,19,16
192,164,133,115,97,81,70,61,52,45,41,36,31,30,30,27,27,26,20,25,23,19,19,18,22,21,18,20,21,19,21,16,20,19,15,17,18,21,20,19,19,20,15,16,17,16,20,20,19,17,19,16,19,16,16,17,17,21,20,18,20,20,18,19,16,16,20,20,19,16,16,16,16,21,17,19,20,19,19,15,21,16,20,16,20,21,16,16,19,18,19,19,19,18,19,19,19,15,16,16,19,16,20,20,15,20,17,16,16,19,16,15,21,20,20,19,16,16,16,16,16,16,21,17,16,19,16,20,19,15,15,16,18,16,15,20,15,17,16,21,16,15,22,19,16,15,20,16,17,14,16,19,16,18,15,16,20,16,16,16,16,19,16,14,19,20,19,15,14,20,17,20,15,16,16,18,19,15,19,15,16,15,16,16,15,17,20,20,19,18,18,18,18,14,21,19,14,17,16,20,19,19,15,20,20,20,16,15,20,20,20,20,15,20,15,17,17,16,18,15,21,20,17,19,18,15,20,20,14,20,16,15,18,20,16,21,16,19,14,15,18,21,20,15,17,20,19,15,14,16,16,16,19,15,19,16
192,160,132,111,96,81,65,61,49,40,36,32,32,25,26,26,21,21,24,18,20,20,19,22,18,22,18,22,17,21,21,16,17,16,15,21,17,17,20,19,20,19,19,18,18,14,18,16,15,19,16,19,15,19,14,20,19,19,19,18,14,19,15,15,19,16,19,15,16,14,21,20,20,18,14,20,16,15,16,15,19,18,20,16,15,16,16,20,16,15,16,20,16,16,19,19,15,16,15,21,17,17,17,20,18,19,19,16,18,13,18,19,15,15,17,19,15,20,18,17,17,17,16,11,12,18,14,18,18,14,16,14,16,16,16,18,20,18,16,18,18,14,14,19,19,18,18,14,16,19,15,16,15,17,16,19,18,13,15,19,19,17,12,14,16,15,16,15,17,16,20,20,18,15,20,15,16,17,19,19,18,18,15,20,14,16,16,15,17,16,19,15,16,16,15,16,19,16,15,20,16,20,18,19,15,20,18,14,19,15,21,19,18,18,18,15,15,20,20,15,20,19,18,19,14,20,15,20,20,16,16,18,16,18,16,18,19,16,16,19,15,16,14,20,19,18,17,12,17,17,14,14,18,19,18,16
195,162,133,112,90,81,67,55,47,45,37,37,30,31,25,22,26,22,22,25,19,24,18,18,17,20,18,16,20,14,20,17,15,20,19,17,18,18,18,16,12,14,17,18,17,17,18,14,16,14,14,19,16,16,16,19,21,20,15,14,16,15,16,20,17,13,16,15,16,17,17,13,14,18,15,16,16,17,16,17,14,15,15,20,18,16,14,14,19,14,18,15,20,16,17,17,15,16,13,13,18,15,15,20,14,14,16,15,17,16,14,15,16,16,14,14,17,20,20,14,19,19,18,14,16,16,14,16,15,19,19,16,19,16,19,15,19,13,16,20,15,17,20,15,17,17,21,16,19,18,16,14,15,20,18,16,16,14,16,14,19,15,19,15,18,15,19,18,18,16,12,14,16,20,19,17,15,19,13,19,17,17,14,14,17,15,15,20,15,15,16,17,18,19,18,14,20,16,19,19,15,20,18,15,16,14,17,14,19,19,19,18,17,19,16,16,12,14,18,13,17,14,19,19,14,18,16,15,20,16,16,12,17,18,17,15,17,16,16,11,11,13,14,16,16,15,16,21,18,13,15,20,19,15,19,14
196,164,136,114,95,82,69,62,49,48,40,35,29,25,24,22,27,24,23,19,23,19,18,16,20,16,20,19,13,15,16,19,15,16,19,19,17,13,17,14,18,16,15,15,21,16,20,15,19,16,16,15,20,13,16,16,20,18,17,14,16,16,18,13,20,19,18,15,19,18,14,20,18,19,17,17,15,13,17,14,19,19,18,15,19,19,18,16,17,18,17,14,18,18,14,17,16,15,16,16,15,21,18,14,18,19,19,15,13,14,16,20,14,19,18,19,18,15,18,15,15,17,19,16,14,18,18,18,16,15,14,17,18,19,17,16,11,13,19,18,18,14,15,16,20,19,19,12,17,17,17,14,16,13,18,14,16,19,19,18,18,19,13,17,17,12,19,16,16,18,15,18,12,17,16,18,18,17,17,17,18,14,13,16,12,13,20,17,13,15,16,20,19,18,14,19,15,19,15,15,21,16,18,18,14,16,16,19,17,18,18,18,17,17,13,18,16,15,17,16,15,15,13,15,17,18,19,14,13,15,17,16,18,19,19,18,18,14,15,17,16,16,19,14,15,16,16,14,15,20,17,19,14,15,19,16
192,164,131,115,93,80,65,56,51,45,39,32,29,24,23,25,23,24,23,22,22,20,16,15,17,21,15,16,19,19,15,19,15,20,20,15,18,18,16,19,16,14,19,19,18,14,15,19,15,21,19,14,16,21,16,19,19,20,19,18,18,19,14,15,16,19,18,14,19,19,19,18,14,15,18,16,13,16,18,18,18,18,18,13,16,18,19,14,19,15,19,14,15,16,20,16,15,15,17,21,19,15,20,16,16,16,13,19,18,19,13,14,19,19,19,17,13,15,15,16,18,15,19,15,20,16,15,16,19,20,19,16,14,18,20,15,20,20,18,18,14,19,20,18,19,18,13,19,19,19,12,18,15,20,19,16,18,18,18,14,20,19,15,21,18,18,15,20,19,18,13,19,19,15,19,15,16,20,15,16,18,17,16,19,16,18,15,19,19,19,14,15,20,18,19,17,17,18,13,15,18,19,18,18,14,19,19,15,19,19,14,15,16,19,20,14,15,20,20,16,17,18,18,17,17,12,18,14,17,14,19,14,16,17,15,19,13,15,21,20,18,18,14,15,19,16,16,16,16,16,17,16,18,12,15,19
191,160,136,110,97,82,66,56,52,46,41,33,33,30,25,24,23,28,20,19,24,23,23,19,22,21,17,17,16,17,16,15,21,21,20,16,15,17,16,20,21,19,15,16,15,14,17,13,16,16,12,14,14,17,16,20,17,19,15,17,17,17,20,18,16,20,20,20,20,20,18,17,17,17,18,12,12,17,18,17,12,17,17,17,14,17,15,15,20,19,15,18,19,15,15,19,19,19,19,14,16,15,16,20,17,14,17,19,16,16,18,16,14,20,18,13,18,18,18,17,17,14,18,14,16,18,15,20,14,16,16,15,17,20,20,20,19,18,19,19,18,18,17,15,15,19,18,14,19,19,15,18,19,20,18,19,17,14,20,20,16,17,13,19,18,17,13,19,18,18,14,19,16,16,15,16,15,20,20,16,18,13,19,16,16,18,19,18,15,15,19,14,16,20,19,14,16,15,16,20,17,18,18,14,16,20,13,15,16,19,14,17,19,18,19,18,14,19,15,20,14,19,16,15,16,16,16,19,19,19,18,14,15,16,20,17,17,17,16,16,13,13,19,14,20,18,14,16,19,15,19,14,15,17,19,19
195,160,131,115,93,82,66,60,49,42,38,37,29,29,30,27,26,20,20,19,19,22,20,17,21,20,18,19,18,15,16,14,18,19,16,19,14,14,19,17,20,19,17,18,15,16,15,16,20,16,16,18,13,20,15,20,16,14,18,17,20,19,13,16,19,15,18,14,20,15,17,16,18,18,15,20,18,15,17,20,18,19,17,15,15,15,16,18,17,19,20,16,14,19,15,19,18,15,17,15,18,18,19,15,16,19,19,19,16,19,19,17,14,14,20,19,17,17,17,13,14,16,17,16,13,16,14,14,20,18,14,20,16,19,15,20,16,20,21,19,19,19,18,15,16,16,15,18,20,19,19,14,16,12,14,20,17,17,17,16,16,16,12,13,18,15,18,14,15,16,17,20,19,19,19,14,17,16,13,19,14,15,15,16,20,17,19,14,16,19,20,12,17,13,13,19,15,14,16,19,15,20,16,15,17,21,17,16,12,16,14,15,12,12,18,18,12,14,15,16,20,18,13,18,18,18,14,19,14,15,16,15,16,18,19,16,15,15,21,20,16,16,14,19,18,14,18,14,16,16,15,20,17,14,16,16
196,160,132,110,93,78,72,63,54,44,39,35,28,27,26,24,24,23,26,21,21,25,23,19,23,18,19,20,22,18,22,18,18,22,17,21,21,21,17,18,16,21,21,20,15,19,20,20,18,20,15,21,20,16,16,19,21,20,17,16,15,18,18,22,17,17,16,21,17,18,16,21,17,18,21,21,21,17,16,20,15,21,17,17,16,19,16,16,17,20,16,19,19,16,19,19,19,15,16,16,19,16,20,16,16,16,17,19,20,15,19,16,16,17,19,15,16,17,16,20,16,19,16,16,16,16,19,20,15,20,20,19,14,18,14,16,16,20,18,15,16,19,16,16,13,18,18,15,19,16,16,15,21,17,17,17,21,17,16,16,19,16,20,16,19,19,16,16,20,19,15,17,16,15,20,16,15,17,17,20,19,18,16,19,17,15,19,16,16,14,20,20,19,15,16,15,17,16,20,20,15,17,20,19,16,16,18,16,16,16,20,16,16,17,16,19,15,19,20,20,16,19,16,19,20,18,19,16,19,19,18,19,15,20,16,18,16,19,17,20,18,19,16,15,20,20,16,20,20,18,20,15,16,19,16,16
196,160,136,112,89,80,65,56,48,40,39,32,32,24,27,23,21,24,23,18,18,19,19,23,17,21,17,16,18,19,19,15,21,13,17,19,18,14,19,17,18,14,20,15,14,20,16,20,19,18,18,18,18,17,17,17,17,14,14,14,20,16,16,19,18,14,16,16,16,19,18,14,20,16,19,20,16,19,13,17,17,16,16,16,12,16,12,15,19,16,16,13,19,15,11,14,19,18,19,13,14,19,19,18,14,19,18,13,14,17,15,19,16,17,13,14,19,16,15,19,16,19,20,14,18,16,19,19,16,16,18,15,16,19,18,14,20,19,15,21,18,15,20,16,14,20,20,19,18,19,15,19,14,16,15,21,17,15,19,15,20,18,19,19,15,16,16,19,16,16,16,16,18,19,15,17,20,19,15,16,16,16,15,20,19,19,16,18,18,20,16,13,18,15,17,16,16,18,19,19,17,14,15,15,17,17,20,14,16,16,20,16,18,19,15,16,18,15,17,20,20,19,18,18,18,20,15,21,20,19,16,16,18,15,19,16,16,19,18,20,15,21,20,16,17,16,18,15,16,20,19,16,19,15,20,15
195,158,132,110,92,82,68,61,53,43,39,35,32,25,26,25,23,19,22,19,20,14,17,20,19,14,19,19,18,14,15,19,16,16,17,12,13,20,20,13,17,18,16,14,15,17,20,16,16,14,14,20,19,15,15,21,20,20,18,17,18,17,18,18,16,15,17,17,12,18,17,14,19,18,14,18,15,16,19,18,14,16,15,16,14,16,16,19,19,15,16,14,16,15,12,12,14,20,20,17,12,13,18,19,15,14,19,16,17,14,19,15,17,19,17,13,14,20,18,14,18,14,20,15,14,18,18,14,20,16,18,16,18,17,18,14,20,15,15,20,16,16,21,16,19,20,19,19,19,15,20,21,20,18,18,16,20,20,18,16,18,18,20,19,16,20,16,20,19,19,19,16,16,18,20,18,15,21,18,18,15,19,17,14,16,19,20,16,17,18,18,18,14,15,19,19,15,20,15,17,20,20,20,17,18,15,16,15,16,16,16,19,20,15,20,20,19,19,18,15,15,20,16,16,17,20,20,16,18,17,16,19,20,14,19,16,21,20,18,14,20,16,16,19,16,19,17,15,16,20,20,20,16,15,19,16
195,160,134,110,95,79,70,61,49,46,35,35,29,30,27,21,21,24,20,18,17,17,20,16,20,18,18,19,16,18,17,14,18,16,15,15,19,14,20,19,18,13,14,20,16,15,18,19,16,18,14,15,20,20,16,14,14,16,17,20,16,19,15,21,16,14,19,16,15,20,19,16,19,19,18,13,16,17,18,17,16,15,17,13,14,18,18,14,15,20,15,21,16,19,20,14,15,18,16,19,14,18,17,15,16,15,20,15,20,19,15,15,16,16,16,20,15,16,15,21,16,18,16,18,20,19,17,14,14,20,20,20,15,16,20,19,16,19,16,15,16,16,20,19,17,14,19,19,15,19,19,18,14,19,18,13,17,17,14,14,18,19,14,15,20,18,15,15,21,16,17,18,14,18,14,15,20,18,14,15,17,19,17,13,17,16,13,13,18,13,14,18,18,19,18,15,16,12,18,18,17,13,17,14,16,14,20,15,16,16,15,17,19,19,14,14,20,16,19,18,12,13,15,19,19,14,20,20,18,15,15,15,19,16,15,16,14,16,16,20,14,19,16,20,18,15,19,14,17,16,16,15,16,20,15,15
191,165,138,115,94,83,70,61,54,47,36,38,33,26,30,27,22,26,19,23,23,22,21,20,16,17,18,21,21,20,20,21,15,16,19,16,20,14,17,18,13,19,18,14,20,18,19,18,18,13,18,16,18,16,17,13,16,13,14,16,19,18,14,18,15,18,20,19,15,19,16,16,13,16,16,15,16,18,16,18,17,18,17,16,13,18,14,13,18,14,17,20,15,14,20,16,19,19,16,15,16,16,17,13,16,16,15,16,15,18,16,20,15,19,16,16,15,19,16,20,19,15,19,19,15,15,20,16,19,19,20,16,15,20,15,17,20,17,20,16,15,16,16,20,17,21,17,18,19,17,15,14,16,16,16,20,15,20,15,17,20,20,16,18,15,16,19,18,16,19,15,19,19,13,19,15,15,19,14,20,16,16,13,15,19,19,16,19,15,16,15,16,19,18,14,16,19,19,18,14,18,21,16,19,16,19,16,18,16,16,13,19,17,18,17,17,17,16,15,13,19,18,13,18,20,14,20,15,20,15,16,21,19,15,17,16,16,19,14,16,20,16,19,18,19,19,19,18,18,19,16,15,15,19,19,15
191,166,134,112,94,83,68,63,54,43,40,32,32,32,26,23,24,24,26,20,19,23,19,24,21,18,18,19,19,19,18,19,23,23,22,18,22,22,22,21,18,22,22,22,20,20,20,21,16,17,20,20,20,16,16,16,17,22,17,21,19,16,20,17,17,16,18,22,18,16,16,20,20,16,16,19,19,16,20,19,19,19,16,19,15,20,20,19,15,20,19,15,16,21,19,17,17,21,21,16,20,16,19,20,20,19,20,18,16,19,15,17,17,22,17,17,18,21,22,17,21,20,17,20,16,16,19,17,19,16,20,20,19,17,14,16,16,16,15,20,16,20,18,16,19,15,17,20,18,15,22,19,17,16,20,20,17,17,17,20,21,19,16,15,16,17,19,19,16,16,20,14,21,17,16,16,21,20,20,16,15,16,20,19,20,19,19,15,17,15,20,18,19,21,15,16,16,20,18,21,21,20,16,20,19,18,19,19,15,21,21,18,18,16,17,19,20,19,16,19,16,15,20,21,16,15,17,21,21,19,19,20,19,16,19,18,15,17,20,20,16,20,16,16,19,15,16,20,20,19,20,20,19,19,18,19
191,161,136,114,95,81,72,58,50,43,39,33,28,27,23,27,26,22,24,19,23,23,18,22,17,17,17,17,16,14,20,20,16,18,16,19,15,17,19,14,16,15,20,20,19,15,17,16,16,19,18,17,16,15,14,19,20,18,18,14,18,19,16,18,20,15,19,15,19,15,20,15,16,14,19,15,16,19,19,15,19,19,19,17,17,17,17,18,16,12,13,16,18,18,18,14,16,19,14,14,20,16,21,16,18,19,19,18,16,18,13,16,20,17,15,19,19,15,16,18,15,18,16,15,20,19,17,20,16,16,19,18,18,14,18,19,16,18,15,20,19,16,14,19,16,19,19,14,16,20,19,16,15,15,22,17,20,18,15,17,20,15,16,20,17,16,21,15,15,20,16,20,19,15,19,15,16,19,17,14,19,16,18,14,21,16,16,19,16,16,20,16,14,20,15,16,19,19,19,14,16,20,16,16,16,18,20,19,15,16,16,16,18,19,20,15,16,15,20,20,20,16,18,16,19,16,15,16,15,16,17,17,18,19,19,18,19,14,16,16,20,15,19,16,16,16,20,19,15,16,16,21,19,14,15,17
195,163,132,109,89,75,70,61,49,42,38,34,31,30,27,30,23,22,21,22,25,20,18,23,22,22,18,18,21,22,21,17,20,20,20,20,20,16,19,19,15,17,16,20,16,16,16,19,20,16,19,15,16,16,17,20,16,20,16,19,19,15,21,20,20,20,16,15,20,20,20,15,20,19,19,16,20,15,17,16,20,18,16,16,20,17,20,20,20,20,19,19,16,18,19,19,15,16,16,21,17,19,16,19,20,19,19,15,16,16,21,16,16,16,16,17,16,16,17,20,20,20,20,16,16,16,16,16,19,16,16,18,18,15,15,21,15,16,20,17,20,16,17,20,20,16,16,16,18,16,17,14,21,19,20,20,15,15,21,16,21,17,15,20,16,18,16,16,16,16,20,21,19,19,15,18,20,20,20,16,20,16,18,16,16,16,15,18,18,22,21,21,20,20,19,16,15,16,17,20,16,21,15,21,18,17,17,16,20,16,18,20,16,16,17,16,16,20,16,20,16,19,19,20,19,19,19,18,19,16,20,16,20,19,16,16,16,16,19,16,16,20,16,16,20,19,20,19,15,16,20,18,15,20,19,19
195,160,130,114,95,80,66,61,54,47,36,33,33,27,25,24,26,25,20,24,22,23,17,20,17,16,17,20,16,19,19,20,19,16,16,20,20,19,16,20,19,20,19,15,15,16,17,17,16,15,17,20,16,18,17,20,17,16,16,20,20,16,16,16,20,16,16,20,15,16,20,19,16,15,18,22,22,19,19,20,19,18,19,16,15,21,17,17,16,20,15,22,17,21,16,16,21,17,15,16,19,16,18,20,15,21,21,16,20,19,20,19,19,16,19,15,20,16,15,17,18,16,20,14,21,16,20,16,16,20,14,19,19,15,16,16,15,15,17,16,16,16,16,16,18,16,18,15,16,16,16,16,20,19,18,16,16,16,19,17,20,18,15,16,16,16,20,20,19,19,15,20,16,19,16,15,16,16,16,20,20,21,16,16,19,16,16,19,19,19,20,15,21,18,20,19,20,17,19,19,19,17,18,18,16,18,16,15,20,19,16,16,16,20,20,16,17,20,15,20,19,16,16,19,20,18,16,15,19,16,16,16,18,17,16,19,16,15,20,20,16,20,19,20,19,20,15,20,16,19,16,16,19,19,19,15
195,162,136,114,91,78,70,62,52,43,42,38,31,33,29,25,24,27,23,21,20,25,22,20,18,18,19,23,22,22,18,21,17,17,16,17,22,17,21,20,20,16,18,20,20,21,19,15,21,19,19,18,20,19,15,16,16,20,19,16,16,16,20,16,19,19,19,15,16,19,20,20,16,19,19,19,19,16,20,18,20,19,18,19,15,16,19,17,15,21,20,19,16,19,16,19,18,16,19,16,19,19,18,14,16,20,16,16,15,21,17,17,18,18,19,21,21,17,17,16,20,17,19,16,19,16,19,19,16,15,20,17,18,14,19,19,19,19,13,15,20,19,15,19,16,15,16,16,18,14,15,16,16,19,16,19,19,18,15,16,16,19,15,16,15,17,19,20,17,18,16,17,14,17,12,12,14,16,17,17,13,14,16,18,15,20,18,19,17,12,15,14,19,19,15,16,16,19,15,20,20,20,19,16,17,14,15,17,18,13,14,19,16,13,14,16,19,18,14,14,19,19,19,13,18,16,18,19,14,17,18,14,19,16,15,17,19,16,18,18,16,18,13,14,19,16,16,16,18,14,16,17,16,15,20,20
195,164,131,109,93,79,69,59,50,48,40,36,33,29,28,23,22,21,25,20,20,19,18,21,16,16,20,17,19,16,16,19,18,21,17,14,15,20,16,15,17,20,15,19,15,20,19,15,19,14,16,19,15,19,18,14,16,16,20,15,16,20,19,18,15,15,17,20,20,17,19,19,19,18,13,18,14,16,19,15,15,16,16,20,14,15,16,20,19,13,15,17,16,18,14,16,19,16,18,18,18,15,16,15,19,18,19,16,14,19,16,19,14,18,14,19,18,19,18,17,18,17,14,18,18,15,20,19,15,17,20,14,16,21,21,19,18,18,18,15,16,19,19,18,18,17,16,18,17,16,13,18,19,14,18,14,16,17,15,20,16,15,17,20,19,15,20,16,15,15,16,16,16,20,18,16,15,16,18,17,15,16,16,15,21,15,20,15,20,16,18,18,16,15,16,19,18,18,18,18,16,14,16,17,13,18,18,16,13,18,18,14,15,15,19,16,16,14,19,17,17,14,19,16,13,14,17,19,19,18,14,15,20,19,19,14,16,18,16,15,20,15,16,14,15,20,16,18,18,13,15,20,16,18,20,16
192,161,134,116,92,83,67,62,50,44,45,38,35,29,30,29,23,26,21,21,25,23,19,23,20,23,18,16,16,17,16,19,21,16,20,17,20,13,16,19,16,15,20,17,19,19,15,20,16,19,20,16,17,16,16,17,19,15,21,19,17,16,19,18,19,16,16,18,16,15,16,16,19,17,20,16,19,18,15,20,16,20,15,17,16,17,16,16,20,20,19,16,17,20,15,20,20,18,18,16,19,15,20,19,16,20,19,15,20,18,20,19,19,16,19,16,16,15,15,17,21,16,18,14,20,16,16,19,15,20,16,15,18,16,17,21,19,19,19,17,18,17,13,16,19,16,18,14,15,19,16,16,19,16,20,20,19,19,17,18,17,17,18,16,14,16,16,16,19,19,18,18,18,13,19,20,19,13,16,16,19,18,18,15,16,20,20,15,17,21,17,16,16,20,19,16,19,16,16,18,16,16,20,17,16,17,21,19,16,19,15,17,15,20,19,16,16,16,15,19,20,16,19,20,16,17,16,19,15,21,17,20,15,16,16,17,20,19,15,20,19,16,16,16,16,18,19,18,15,16,20,16,19,19,19,16
196,160,135,110,96,79,66,62,53,47,41,36,33,26,25,23,27,24,24,18,19,23,22,19,17,20,20,16,16,20,16,19,18,14,20,16,18,16,16,20,20,16,14,17,16,18,16,16,19,19,16,14,18,20,20,20,15,20,19,20,18,17,13,18,19,19,16,18,19,14,19,20,19,19,14,20,15,16,16,16,20,16,18,19,19,19,14,15,17,19,16,19,16,19,16,16,16,16,18,15,17,19,16,14,16,19,14,16,18,16,19,19,17,16,17,14,19,17,14,16,16,16,18,14,21,16,16,15,18,19,19,18,15,19,18,16,18,16,19,16,18,19,15,19,18,19,20,18,19,15,20,16,15,16,16,17,16,15,21,16,18,16,15,21,20,18,16,15,17,17,16,15,18,20,16,20,18,16,14,17,15,16,20,19,16,15,20,18,17,16,16,19,15,16,16,16,21,19,19,16,15,16,16,16,20,20,19,14,17,20,20,19,18,14,16,20,20,16,18,19,19,16,15,19,20,19,15,19,20,15,20,19,15,16,18,21,20,16,16,20,16,16,14,16,20,20,15,16,19,19,19,15,19,15,16,16
193,165,137,111,98,83,67,59,53,42,41,37,32,32,27,22,24,26,20,23,22,20,19,20,19,23,21,17,20,21,16,16,16,18,18,16,16,17,21,21,19,21,16,20,17,20,16,19,20,19,16,20,19,19,19,15,21,16,19,20,19,15,20,17,19,21,16,16,17,21,17,17,16,17,17,17,20,20,20,16,20,16,20,19,16,19,15,21,16,16,21,20,20,16,16,20,20,16,19,19,15,18,16,18,17,22,17,17,20,17,19,22,19,17,20,20,21,18,16,18,20,20,15,20,16,16,16,19,15,20,16,19,16,18,18,14,19,15,18,15,20,16,20,20,16,19,16,19,20,15,20,18,16,19,17,20,17,16,15,20,16,17,17,18,20,20,17,17,20,19,15,17,20,17,16,18,20,19,16,20,16,19,20,19,19,15,17,16,15,16,20,19,19,18,19,15,16,16,20,16,16,16,16,15,17,20,17,17,21,16,21,16,15,22,17,20,16,20,17,20,14,20,15,21,17,17,16,16,20,20,15,17,20,16,20,20,16,20,15,16,20,20,15,20,16,16,20,20,16,16,17,20,16,19,20,15
192,160,136,112,96,80,68,60,52,45,35,32,29,27,30,23,27,22,24,20,19,20,17,20,17,21,21,18,18,15,16,16,14,19,17,16,16,16,19,17,15,19,15,16,16,16,20,19,16,19,18,18,14,18,15,20,18,14,17,20,19,15,19,19,19,15,16,19,16,19,20,16,13,14,15,17,20,18,14,16,18,19,18,16,18,18,18,14,19,18,18,14,19,16,18,14,20,17,14,16,19,19,18,18,19,15,15,17,20,16,19,18,18,14,15,16,19,15,20,18,19,18,12,18,18,17,14,19,16,19,18,18,20,16,19,15,20,16,19,16,18,17,14,16,14,20,16,18,19,16,18,15,16,16,17,17,20,18,14,20,20,18,18,14,16,20,19,14,16,15,20,16,15,20,18,19,20,14,15,20,20,18,14,15,16,20,19,15,19,16,15,16,16,19,15,19,18,15,19,18,19,18,18,14,20,17,16,16,14,17,16,17,18,14,17,15,16,19,15,20,19,16,14,19,15,16,16,18,17,15,16,19,15,16,19,16,18,20,16,16,16,16,16,17,18,17,19,13,16,15,20,17,19,16,18,15
195,163,132,111,96,81,66,57,52,43,42,38,33,29,28,22,22,22,24,20,19,23,18,22,22,22,22,19,19,20,15,22,20,16,15,20,18,16,14,16,20,15,17,16,20,19,18,14,20,21,17,14,19,20,20,19,19,18,14,16,16,16,19,19,19,18,19,18,14,20,19,15,19,19,18,19,15,15,16,17,16,16,18,18,20,19,19,17,17,17,13,15,15,20,20,16,15,18,16,16,20,18,17,17,13,18,18,17,14,19,19,19,18,17,18,18,15,19,15,19,20,18,14,15,20,20,19,17,15,19,15,16,19,19,20,15,16,16,17,20,16,14,19,16,19,16,17,14,16,18,18,19,18,20,16,20,15,19,15,16,16,16,19,18,19,19,19,13,14,16,16,20,15,20,16,15,20,16,16,18,19,16,20,17,13,19,18,18,13,15,16,16,16,19,15,21,20,17,17,15,18,15,15,18,19,15,16,19,18,18,16,14,15,15,20,19,20,15,20,15,16,19,19,15,17,16,16,19,17,17,19,19,18,13,18,19,14,19,17,17,14,14,16,20,16,16,15,20,15,21,21,20,15,16,20,20
194,160,136,114,95,77,70,61,49,42,38,33,35,27,30,25,22,27,25,20,20,19,23,22,23,23,21,21,16,22,20,21,18,16,21,20,15,20,20,16,21,15,20,16,16,21,17,16,21,20,16,19,16,20,19,20,16,19,16,19,19,19,19,15,16,16,16,16,20,20,15,20,16,15,21,19,16,20,15,16,16,17,20,16,16,15,20,16,17,21,17,16,16,18,17,19,18,18,14,19,16,16,19,16,19,16,16,16,16,20,19,14,19,16,19,17,18,18,17,18,15,19,16,20,16,15,16,15,20,20,19,19,15,19,15,15,18,17,17,16,14,21,17,16,19,15,17,18,18,15,19,19,18,15,16,20,20,15,20,16,15,21,17,17,21,19,16,16,19,19,19,18,19,19,18,14,15,20,20,20,17,16,16,16,20,17,17,20,18,19,20,16,16,18,18,14,19,16,15,19,20,16,16,15,16,16,15,21,21,21,16,19,20,19,18,19,16,18,15,17,19,20,18,17,19,15,19,20,15,18,20,16,20,19,16,16,18,14,20,16,20,20,19,15,20,20,16,19,15,20,20,18,19,18,14,18
196,164,132,111,97,82,70,60,53,44,38,34,31,28,27,30,24,27,24,24,19,21,22,22,17,19,18,19,18,18,18,22,22,22,20,18,19,21,16,16,19,20,16,19,16,16,20,20,16,15,17,20,20,15,20,20,20,19,19,18,14,20,20,15,21,19,17,16,15,17,18,17,21,15,16,16,16,20,16,16,20,20,19,18,14,20,16,16,14,17,21,21,16,18,20,20,20,15,15,16,20,16,16,16,19,17,16,18,14,19,17,18,20,19,15,20,20,16,18,16,16,19,19,15,16,20,20,16,19,20,19,15,16,15,20,20,16,19,20,18,16,17,16,15,20,20,20,16,20,16,20,20,15,21,17,16,20,16,16,17,17,16,16,15,18,20,16,20,19,16,18,16,15,16,16,16,16,20,19,16,15,22,16,20,20,14,16,16,17,16,18,19,19,15,20,19,18,19,15,16,19,19,18,20,15,16,16,16,16,16,21,21,16,15,20,16,19,20,15,16,16,17,20,18,16,16,19,16,19,19,16,17,19,16,17,20,17,16,17,21,20,19,15,16,16,16,16,16,16,18,17,16,20,16,16,20
192,161,136,114,92,79,72,58,55,42,38,40,34,32,28,22,23,21,21,20,24,22,20,20,21,20,20,16,15,20,20,16,16,20,18,16,19,14,15,20,15,20,16,16,20,14,15,20,20,19,16,14,19,18,18,14,18,20,20,16,17,17,13,18,18,13,15,16,16,19,16,19,19,16,15,19,15,20,19,16,17,19,20,18,16,14,13,15,16,15,17,19,16,15,20,15,16,19,16,16,15,19,19,16,18,16,14,20,16,15,16,20,19,19,15,15,20,19,16,17,19,16,19,18,19,18,18,16,13,15,15,18,18,18,20,20,20,17,20,19,15,16,16,16,20,19,18,16,19,18,17,15,15,19,16,17,14,17,19,18,12,13,18,17,18,13,14,15,17,19,17,18,14,20,19,13,15,16,20,20,17,14,19,18,15,19,14,19,21,17,16,14,16,16,20,20,20,19,19,16,17,18,14,19,19,17,13,18,16,18,18,17,14,16,16,18,18,17,18,14,19,19,18,15,19,18,14,19,19,20,17,18,13,19,19,16,17,18,14,19,18,18,18,18,18,16,15,19,17,19,19,15,19,16,18,13
194,158,133,116,96,82,67,61,50,49,41,36,32,29,24,27,21,23,23,19,22,22,18,22,19,21,17,20,16,19,16,16,18,19,19,15,19,17,14,15,17,18,18,18,19,16,14,16,19,16,16,17,17,14,16,19,17,16,12,14,16,14,15,20,16,16,15,17,17,16,19,15,18,17,17,15,19,17,19,15,16,14,16,20,21,16,15,20,16,20,19,19,18,18,14,20,19,19,16,17,18,13,14,15,18,21,16,14,21,16,19,19,19,14,16,19,17,13,17,19,18,16,17,15,19,14,16,19,17,13,14,19,16,19,15,16,16,17,20,20,15,21,17,16,16,16,16,15,17,17,21,15,15,20,16,18,14,15,16,16,16,19,14,17,16,16,20,16,16,21,19,19,14,16,21,20,18,14,20,16,20,18,14,16,20,16,16,19,19,14,16,19,18,18,18,18,17,14,16,20,18,18,15,16,19,15,16,14,16,17,16,16,16,17,18,20,20,16,19,20,16,14,14,20,21,19,14,16,15,21,16,15,21,20,16,19,15,19,16,19,18,18,18,19,18,18,13,13,15,19,19,16,16,16,19,15
191,161,132,115,91,79,68,62,54,47,42,34,34,30,31,23,25,28,20,23,19,19,20,18,18,18,20,19,23,21,21,21,16,17,17,20,16,16,20,19,14,19,15,16,19,20,16,16,19,18,14,20,19,20,14,19,16,19,15,16,16,16,15,18,19,17,19,19,18,14,14,16,15,17,21,20,18,16,16,16,14,16,15,16,16,16,16,16,20,16,20,15,20,20,15,19,18,19,19,15,20,16,20,15,16,20,19,16,18,19,14,19,19,19,14,18,15,20,20,16,18,18,16,14,20,15,20,19,16,17,15,15,15,19,20,16,16,18,14,16,16,20,19,18,19,18,16,19,14,16,19,19,20,19,18,19,18,19,18,14,16,15,16,20,19,14,16,16,20,17,19,19,15,17,16,18,16,19,16,18,15,20,17,16,19,15,16,16,16,16,16,16,16,20,19,19,16,15,19,17,19,20,15,17,20,19,20,15,15,21,15,16,20,20,18,15,19,16,20,19,18,14,16,17,16,18,17,16,20,16,18,17,19,15,16,19,19,19,14,16,18,19,19,14,16,14,18,16,16,20,14,21,19,17,19,17
193,159,133,111,99,80,71,58,54,48,38,37,34,31,30,24,24,22,26,22,21,25,20,24,19,19,19,19,23,18,18,19,19,19,19,18,18,23,19,19,18,19,22,18,22,22,18,17,21,22,21,21,20,20,20,19,16,18,20,16,16,20,19,16,15,20,18,16,16,16,19,16,15,17,16,20,18,20,20,19,20,16,15,16,17,20,20,19,16,15,20,20,14,19,22,21,16,16,20,16,16,20,20,15,18,21,21,17,16,20,19,16,18,16,16,17,18,19,17,20,16,20,20,20,16,20,15,21,16,19,15,18,18,20,20,19,15,16,20,15,19,18,18,19,18,19,15,20,20,15,20,14,16,16,20,20,19,16,14,16,14,18,18,18,16,16,16,20,19,16,15,19,16,19,16,19,15,19,15,16,18,18,16,19,16,20,18,15,16,16,19,18,17,16,13,19,18,20,19,16,18,18,14,18,17,19,13,16,19,15,16,20,17,20,20,18,17,14,17,14,15,16,20,15,16,19,18,19,15,16,19,18,18,19,14,20,19,18,16,18,18,13,19,15,16,19,19,19,18,20,14,16,16,20,16,16
194,164,132,110,98,83,66,58,54,46,41,32,29,30,26,28,27,22,20,21,24,20,23,20,20,16,20,16,18,18,15,17,20,16,18,18,15,19,18,14,20,19,20,18,14,19,17,16,15,19,20,16,18,19,18,19,18,14,18,16,16,15,16,16,20,16,20,16,18,19,17,14,19,18,15,15,16,16,20,19,16,19,15,20,18,16,19,15,16,15,17,16,20,16,15,16,17,20,19,15,21,16,16,16,16,20,14,16,18,19,19,13,19,12,14,15,20,20,15,20,19,19,16,15,20,16,19,16,15,17,20,16,20,15,20,20,19,16,16,16,16,19,17,19,16,20,20,18,15,16,16,16,20,15,16,20,16,16,20,19,19,16,19,19,14,19,16,16,20,15,20,16,16,20,16,19,16,20,15,16,16,19,16,16,20,16,20,19,15,17,20,16,19,19,16,18,19,17,14,21,20,15,16,18,18,22,20,15,18,22,17,17,16,16,16,17,18,19,18,21,16,19,19,15,20,19,20,15,16,20,16,16,20,20,15,15,22,16,17,17,16,20,16,16,20,15,16,16,16,16,21,20,19,15,16,19
191,163,135,114,91,77,71,58,54,42,39,34,35,32,27,23,23,27,25,23,19,19,22,18,21,22,17,23,17,20,16,15,17,20,19,19,18,15,16,18,14,16,15,20,15,16,20,15,21,17,20,15,21,21,15,15,16,19,20,17,17,17,17,18,16,12,13,20,15,19,18,17,18,17,18,13,19,19,18,14,20,19,19,19,14,19,19,20,17,18,18,13,19,16,14,15,20,19,17,19,19,15,20,16,18,12,15,18,16,15,15,19,19,16,14,20,19,16,15,19,16,15,16,15,20,14,15,21,16,15,20,16,19,14,20,16,16,20,15,19,16,17,16,16,20,15,20,19,20,19,18,18,14,16,20,15,16,18,17,18,18,18,18,15,15,15,20,16,20,14,15,16,20,16,19,15,19,16,18,14,21,17,20,19,18,19,14,19,18,14,18,19,14,16,14,19,15,17,17,21,19,15,17,18,17,20,16,19,15,16,20,20,16,15,16,19,16,19,19,18,16,17,17,17,12,16,15,14,14,19,16,15,16,20,19,18,18,18,15,19,15,18,16,20,16,16,16,16,17,20,13,17,17,14,19,13
192,162,136,114,92,81,71,57,54,43,37,34,29,32,25,22,21,21,25,21,18,22,18,22,19,22,19,20,16,16,15,20,16,18,20,18,18,15,20,20,15,15,19,15,21,15,20,15,21,17,16,19,19,18,19,18,15,18,15,16,13,13,18,18,15,16,19,15,18,20,19,18,14,20,17,18,18,19,15,19,18,15,18,19,15,18,18,18,15,17,14,19,16,19,21,16,15,19,15,17,19,19,19,18,18,14,17,16,16,20,14,14,16,20,16,19,18,18,19,15,18,17,18,18,14,15,16,20,19,14,20,19,16,16,15,16,19,15,20,16,16,19,16,15,16,16,19,16,19,20,19,19,19,18,14,16,20,15,16,16,19,16,19,15,16,20,15,22,17,17,20,15,20,16,17,19,20,16,16,19,16,15,18,20,17,17,16,20,17,17,22,16,16,18,20,16,15,20,18,18,21,19,18,17,17,20,16,16,19,15,21,19,20,15,17,16,20,16,16,16,19,17,20,15,21,16,16,16,19,20,15,19,16,16,20,19,16,20,19,19,16,16,15,16,19,20,20,16,16,15,20,20,20,16,14,21
192,164,132,111,93,78,68,60,52,49,43,38,34,26,26,26,29,26,24,23,20,23,20,19,15,20,16,14,16,19,16,15,15,19,16,16,20,15,17,16,18,22,16,15,19,16,20,18,16,16,12,14,16,12,18,19,17,16,11,13,18,14,15,16,14,19,17,15,15,18,16,17,18,16,19,19,16,18,14,16,19,17,14,14,15,15,17,19,16,17,15,20,16,16,20,16,20,16,17,16,17,13,17,13,16,18,18,12,14,19,15,15,15,14,19,19,19,18,17,16,17,16,12,15,13,14,15,15,20,19,14,18,20,15,16,19,15,18,16,20,14,16,20,15,21,21,16,16,15,20,19,16,15,17,19,15,21,19,18,18,18,18,17,12,15,20,16,18,14,16,20,20,18,13,20,14,17,21,15,20,16,19,15,14,16,20,20,18,17,18,18,16,14,14,16,16,16,15,16,20,19,16,16,14,16,16,20,19,18,14,15,17,15,20,16,19,19,14,14,20,19,16,13,18,18,15,20,17,18,18,15,20,18,20,19,14,19,19,19,14,16,19,15,18,20,16,18,17,16,19,17,15,16,19,19,18
195,164,131,111,97,81,64,55,48,45,40,33,26,28,28,26,21,24,19,19,23,21,18,18,22,18,22,17,16,16,19,16,16,20,16,18,19,16,16,16,16,20,16,16,15,20,20,19,18,18,18,19,15,19,15,16,20,19,18,15,20,20,16,18,16,14,18,20,20,20,15,21,19,15,17,16,16,16,20,20,15,19,20,20,19,16,18,20,19,16,15,17,17,21,16,19,16,20,16,16,20,16,20,15,19,20,18,16,15,19,15,17,17,20,19,16,16,19,18,14,20,17,16,14,16,16,15,21,17,20,16,18,15,16,19,19,14,16,18,19,19,16,19,18,15,16,20,20,18,15,16,15,16,16,20,16,18,16,14,16,20,15,21,19,19,16,15,21,15,20,16,16,20,15,16,16,20,17,17,20,19,20,19,19,15,16,15,16,15,20,20,19,16,17,14,17,20,15,14,20,16,20,16,20,15,20,20,16,19,16,14,18,16,20,20,18,19,15,16,19,16,16,16,14,20,16,18,21,20,19,19,16,18,20,13,18,14,16,16,19,20,16,19,17,17,13,15,16,15,18,16,20,16,16,16,20
193,165,132,111,92,81,70,61,53,42,37,37,34,27,25,27,26,21,24,23,19,21,17,21,21,16,16,16,16,21,20,14,20,19,15,15,20,19,19,19,13,18,15,16,16,14,19,19,20,15,19,16,16,14,20,19,13,14,18,16,15,15,21,19,16,19,19,18,18,19,16,18,16,17,18,14,19,18,14,20,14,20,20,16,20,14,16,19,15,20,18,18,19,14,16,15,15,19,16,20,15,16,16,18,20,19,12,18,15,15,17,16,19,19,19,17,18,14,19,15,15,15,20,18,16,14,19,19,18,18,18,18,18,16,17,18,18,15,16,19,16,18,19,19,18,18,18,16,18,15,20,16,19,19,14,18,22,17,21,19,21,16,15,17,16,16,20,18,16,20,20,19,18,15,20,20,15,16,20,15,20,16,19,16,15,17,16,20,16,19,19,16,18,19,19,15,20,16,20,18,16,16,16,16,15,18,16,16,16,18,20,19,15,19,15,20,20,19,20,18,15,17,19,20,16,18,17,16,16,18,20,18,19,15,16,15,16,17,20,16,19,19,18,15,19,19,19,17,15,20,16,15,16,17,20,20
192,161,134,113,94,80,69,59,52,45,43,39,32,32,29,23,27,21,20,24,19,22,23,21,20,16,16,16,15,19,20,19,15,14,16,15,20,19,19,14,19,15,19,19,18,18,18,14,15,20,17,20,19,16,15,21,17,20,18,16,15,21,21,19,19,15,19,16,16,19,16,18,20,15,15,21,16,20,19,15,20,16,19,19,18,17,15,16,19,15,17,20,16,15,16,16,17,20,15,20,19,18,15,17,16,19,20,16,16,15,17,17,16,19,14,16,16,16,18,12,17,17,18,18,15,18,18,17,15,21,13,14,15,17,16,16,16,18,16,16,14,21,19,15,16,18,18,19,14,15,20,20,19,18,17,14,16,19,19,14,15,20,16,14,15,16,20,18,15,15,20,16,17,19,14,20,15,17,15,18,16,16,19,18,13,19,15,16,16,14,16,19,16,14,16,20,16,15,19,19,21,14,20,19,18,15,19,18,13,19,15,17,19,18,17,17,14,18,13,18,15,16,20,14,21,19,16,19,15,19,18,17,18,13,18,18,19,18,12,18,19,15,15,18,14,15,16,19,14,16,16,16,18,18,17,15
192,161,133,111,92,78,70,61,56,48,38,34,32,29,32,23,22,26,23,25,20,22,21,20,22,21,17,17,16,16,20,17,20,15,21,16,16,20,17,18,19,19,18,16,15,17,18,16,20,19,19,15,16,19,19,19,19,19,19,18,18,13,19,19,16,18,19,19,19,15,16,16,19,19,16,15,19,19,19,19,15,14,15,16,21,21,15,16,20,16,16,15,19,20,16,16,15,20,16,15,20,18,19,15,20,21,19,19,19,20,17,18,18,16,20,16,14,20,17,19,16,20,18,19,19,18,13,19,14,16,20,16,19,16,14,15,21,19,17,19,19,20,16,17,16,16,20,16,16,16,20,19,15,17,17,19,18,19,20,17,15,19,19,16,16,19,19,14,15,20,16,19,18,14,16,16,16,15,21,18,21,20,19,16,16,19,14,16,19,16,16,15,16,19,20,17,19,16,14,19,16,15,17,20,17,19,21,16,21,20,17,18,15,20,16,19,19,14,16,16,16,19,20,18,19,16,16,15,16,21,16,17,15,17,17,17,19,18,19,19,18,13,16,17,16,19,14,19,19,16,15,18,15,16,16,16
193,160,130,111,94,83,71,61,49,41,37,37,34,27,27,26,25,19,18,21,22,18,18,18,21,20,21,17,16,15,20,17,16,18,15,20,20,19,16,15,16,16,16,14,16,16,16,20,18,18,15,16,20,18,18,17,20,15,19,18,16,16,15,18,20,16,16,15,19,15,17,16,19,15,16,19,19,15,19,19,20,16,15,16,15,16,17,20,14,16,16,16,15,20,14,19,16,19,18,13,15,16,15,19,18,18,15,20,18,18,16,15,20,19,14,15,17,17,19,16,15,16,16,15,19,15,17,20,20,16,19,16,19,16,18,19,16,15,20,15,17,21,20,19,13,16,20,20,18,18,15,19,16,14,18,16,16,19,16,16,14,14,16,18,14,19,16,14,17,18,16,19,15,18,19,16,17,18,13,15,20,17,17,16,14,16,17,16,19,16,20,15,17,16,16,17,16,16,15,13,12,18,18,13,14,15,21,21,14,18,16,15,16,18,18,17,15,15,19,20,19,15,19,18,18,18,14,15,19,15,15,19,16,19,14,18,20,16,19,15,16,19,16,19,14,20,15,19,18,18,19,15,20,17,13,14
195,164,135,111,93,83,65,60,52,45,36,36,31,30,25,24,23,26,21,24,25,24,22,18,18,24,21,21,16,16,21,17,20,20,16,16,19,17,19,20,20,16,19,16,16,20,16,20,19,20,19,19,14,20,18,16,20,16,19,17,20,20,18,15,20,17,20,16,16,19,19,19,14,16,19,16,20,16,15,19,21,20,16,16,21,16,16,19,19,15,19,19,15,16,16,20,20,15,21,18,17,18,21,17,22,16,21,21,20,16,20,19,16,16,15,17,21,16,16,21,20,20,19,16,20,20,20,18,18,19,13,14,19,16,19,18,16,16,16,13,14,14,19,14,16,19,17,21,20,20,20,16,16,16,20,16,19,17,16,19,19,19,20,19,19,16,19,19,15,16,20,16,20,16,20,16,16,19,20,19,16,15,16,16,16,16,19,16,16,19,19,16,16,16,15,21,16,21,16,15,18,18,18,17,20,21,18,19,15,16,20,20,16,18,16,19,19,19,18,14,15,17,17,20,20,16,16,19,20,16,19,20,19,19,19,16,19,16,19,17,19,15,17,20,16,19,19,15,17,17,16,21,17,16,19,16
192,159,133,114,95,80,66,57,49,42,38,35,29,28,26,24,26,24,20,23,19,18,18,19,21,19,21,21,16,20,20,15,14,20,19,19,14,18,15,20,20,20,18,15,16,16,16,18,19,16,19,15,20,16,19,15,18,14,16,20,16,19,16,15,16,20,18,14,20,16,15,19,15,17,21,19,15,20,14,20,16,16,18,15,17,16,19,15,21,16,19,19,18,19,18,18,14,19,15,21,15,15,20,19,19,19,14,14,19,19,16,14,19,16,20,14,19,19,18,16,15,16,20,19,18,18,15,16,13,19,15,19,18,18,18,17,19,19,15,16,15,17,21,20,18,18,16,18,14,16,16,18,14,16,17,19,13,14,19,20,14,16,16,20,18,19,18,14,16,20,16,17,14,19,16,20,16,14,20,16,14,19,13,16,14,15,20,19,19,18,18,18,17,18,17,18,17,17,18,16,14,12,19,14,16,16,18,15,16,15,16,19,19,15,16,16,19,20,18,16,15,15,16,16,21,15,19,16,15,17,16,19,19,16,15,16,19,15,20,19,18,17,14,19,15,19,16,16,15,17,17,16,19,16,15,16
192,160,131,114,91,82,70,57,52,42,41,37,29,29,26,27,21,20,23,20,23,18,23,16,17,22,17,19,15,19,16,15,18,19,16,17,16,14,16,17,18,17,20,14,16,20,19,15,20,16,20,18,14,15,16,20,20,18,13,18,19,15,17,14,20,15,16,15,15,16,17,15,16,19,16,16,15,16,15,16,15,20,19,18,19,20,16,18,14,21,19,19,17,12,14,14,19,19,18,18,18,15,18,18,14,16,20,19,19,15,16,15,18,19,16,16,16,15,18,18,19,19,15,19,20,15,16,16,20,19,19,15,15,16,16,19,19,14,20,20,18,14,16,19,21,18,14,16,16,16,15,19,19,15,18,16,17,17,21,17,16,20,16,20,16,15,16,20,16,20,14,19,19,16,19,19,18,19,15,16,18,16,16,16,12,14,15,18,15,16,18,19,18,19,19,18,12,18,15,16,16,19,15,16,15,19,15,19,15,19,15,15,16,16,20,19,15,16,16,18,17,20,16,19,16,14,14,18,16,16,19,14,20,17,19,14,20,14,20,17,19,18,15,20,20,14,18,15,16,20,16,16,16,20,16,16
194,159,134,116,94,81,67,59,56,44,39,36,33,28,28,25,29,26,24,22,19,19,24,18,18,20,22,19,18,21,21,20,18,15,21,20,20,15,20,19,16,15,20,19,20,18,18,19,18,18,17,17,18,17,18,14,19,19,20,15,15,18,16,18,16,18,16,19,19,20,17,18,13,19,17,12,18,20,15,19,13,18,15,20,16,18,19,16,15,18,16,16,17,16,20,19,19,15,19,15,18,15,16,19,20,14,17,16,16,21,18,15,20,16,19,17,18,13,19,14,19,19,15,16,16,16,16,17,21,16,16,17,13,19,18,13,15,14,17,14,19,19,19,13,12,14,16,16,16,16,18,15,16,16,20,15,19,19,20,20,18,16,18,19,16,17,14,16,16,18,17,16,17,14,15,20,19,19,15,19,17,14,16,16,19,14,18,16,16,15,19,15,19,15,17,17,14,18,21,19,18,19,15,15,20,15,16,19,20,19,14,19,19,16,15,16,15,21,16,15,19,16,16,16,19,15,20,17,16,19,13,16,16,19,14,19,15,16,16,16,15,16,20,16,15,15,20,19,18,19,17,14,19,15,19,14
191,164,132,111,94,84,68,62,51,44,39,35,34,26,26,25,27,20,24,20,21,19,17,17,18,19,18,21,17,22,21,18,20,16,20,20,16,18,16,16,20,20,16,19,20,16,19,19,19,15,21,20,15,20,18,15,16,16,16,16,17,19,19,19,15,20,19,18,14,16,19,19,19,15,20,20,20,18,16,19,19,16,14,16,19,18,19,17,15,20,20,15,16,19,20,16,19,15,16,16,19,20,13,20,19,16,20,14,19,16,19,16,14,16,20,20,20,18,15,21,16,21,19,14,21,18,17,19,15,14,20,16,19,16,15,19,16,16,18,17,17,19,20,20,15,17,20,18,15,16,16,20,19,18,15,20,19,18,18,19,15,19,14,15,17,16,17,19,15,20,16,16,16,19,19,15,21,19,15,16,19,20,18,14,20,15,20,18,18,19,16,18,18,19,15,16,19,19,18,19,20,19,19,14,20,16,18,14,19,20,14,20,19,18,16,19,19,19,18,14,19,16,16,18,15,20,19,19,15,16,20,20,17,14,15,16,20,20,16,14,19,20,16,16,20,15,16,19,18,15,20,16,18,18,16,19
191,160,134,112,89,79,68,58,52,41,39,34,28,25,26,24,27,23,23,19,22,19,17,20,21,18,16,16,20,16,17,20,18,19,16,18,17,14,15,17,20,19,14,19,15,20,16,16,18,19,15,15,20,17,20,19,15,15,20,16,19,16,18,20,19,14,18,13,19,19,14,19,12,18,14,16,19,13,18,15,15,20,18,20,16,19,15,18,18,14,19,16,14,19,19,19,14,15,17,20,16,19,18,16,14,19,18,18,19,14,18,17,16,18,17,20,18,18,16,19,18,18,17,13,18,14,15,15,18,13,19,15,16,16,18,17,13,18,14,15,18,17,18,15,19,16,15,18,16,19,15,20,16,16,20,19,14,16,14,17,20,16,13,19,18,14,18,15,20,17,16,16,14,16,17,19,15,20,18,15,16,16,15,16,15,20,16,20,15,20,16,15,18,14,16,16,18,19,14,16,19,16,14,19,19,18,18,17,17,17,14,15,19,20,19,18,14,18,16,19,18,15,19,15,21,20,16,17,18,14,19,19,18,15,20,16,18,14,19,21,16,16,18,15,16,19,19,16,15,16,16,16,13,16,19,16
192,164,132,115,96,77,72,61,49,43,39,36,35,27,29,26,28,25,22,24,24,19,19,19,19,23,18,22,20,22,18,22,18,19,16,21,16,17,20,16,21,17,16,20,16,18,17,20,19,17,20,16,16,19,14,16,20,16,20,19,15,21,21,15,17,20,19,18,16,17,17,18,21,17,21,20,19,15,21,14,21,20,16,16,16,16,17,17,16,21,17,16,16,20,16,19,18,17,20,19,20,18,19,16,15,21,17,21,20,18,19,16,20,16,14,16,17,17,20,16,17,16,16,20,20,19,16,20,19,16,19,15,16,20,20,16,20,15,18,19,14,17,20,15,17,20,20,15,15,16,20,19,16,17,13,19,15,16,18,15,19,18,20,18,14,15,21,19,17,18,18,15,17,19,15,19,16,16,16,18,15,16,18,18,19,18,15,16,18,16,15,21,19,17,14,19,19,17,13,15,15,20,17,19,15,16,15,16,19,18,15,16,19,14,15,19,16,19,15,16,16,15,16,15,20,16,16,15,15,16,16,19,16,18,15,20,19,19,17,18,17,13,16,14,20,18,18,19,17,18,13,19,17,14,14,16
192,159,138,111,93,84,71,62,54,44,40,34,30,28,31,29,27,25,21,24,18,23,18,18,22,17,16,17,17,21,16,19,16,19,19,16,15,20,18,20,20,16,16,20,20,16,18,16,19,19,19,20,15,15,19,19,19,19,14,15,16,16,19,19,15,20,15,16,16,20,14,16,20,16,16,19,15,20,20,16,15,18,20,21,19,15,20,19,16,19,18,19,18,15,20,15,20,20,16,16,16,20,20,15,16,16,16,17,20,20,19,16,15,20,16,16,16,19,20,19,15,16,18,16,20,15,16,20,16,15,20,19,19,17,14,16,16,12,14,18,14,20,20,16,16,16,19,16,16,16,16,16,15,15,20,16,18,21,19,19,16,18,18,19,18,18,18,19,17,19,13,15,20,19,16,15,19,19,19,16,18,15,19,20,15,17,16,21,19,16,15,20,20,18,16,15,16,19,16,16,16,19,16,19,16,19,20,18,15,20,19,19,16,19,16,17,13,16,19,15,18,15,16,19,16,16,15,16,16,16,19,20,18,19,16,14,16,20,19,15,19,19,18,18,15,19,15,16,16,16,19,16,15,16,17,15
192,161,132,110,98,78,68,60,51,49,42,36,27,26,25,23,23,22,26,24,22,22,21,22,17,21,16,19,20,18,16,16,19,19,15,20,17,16,12,17,14,18,13,19,15,16,15,16,18,18,19,14,18,18,14,16,18,13,19,18,16,13,16,14,17,15,18,17,13,18,15,14,18,18,19,19,11,12,15,15,20,18,18,18,18,16,17,11,15,15,20,15,18,15,16,21,16,18,18,16,21,13,14,19,20,16,17,18,15,19,19,14,14,19,19,20,18,18,15,16,19,19,18,14,17,15,15,16,15,15,15,21,17,16,15,19,19,17,15,16,18,17,20,16,16,18,17,14,19,19,19,14,14,19,16,21,18,13,18,15,18,18,17,18,14,16,17,12,17,14,19,13,15,16,20,16,15,14,16,20,15,15,19,16,16,19,14,14,16,16,19,16,13,17,15,21,14,14,19,16,18,16,13,15,20,19,14,15,20,16,16,14,18,15,16,16,16,18,18,15,21,18,14,15,16,21,19,17,14,14,16,15,19,16,16,16,19,19,18,14,16,19,14,19,15,16,15,16,20,19,20,16,14,16,12,19
194,162,131,112,88,75,69,59,51,41,39,35,27,30,21,24,19,23,18,18,21,20,15,21,19,18,18,14,16,18,15,16,16,20,15,19,15,20,16,19,16,17,18,14,14,15,20,19,20,18,14,15,16,19,13,18,18,13,15,18,15,16,19,16,18,18,15,20,18,13,17,12,14,19,18,13,16,19,18,11,14,18,19,15,15,19,19,19,17,17,11,14,18,19,16,13,18,18,14,18,16,13,14,15,18,14,18,19,16,15,16,19,15,19,14,18,18,18,19,14,14,16,19,19,16,15,13,14,16,16,20,18,19,19,15,19,16,16,14,16,17,16,14,17,17,16,16,20,19,13,16,13,18,14,18,18,15,19,18,17,17,16,16,16,14,11,18,13,15,16,15,16,19,20,19,17,18,13,20,17,11,14,15,15,20,18,20,19,15,18,17,14,18,16,18,16,16,16,15,12,13,18,16,19,14,18,17,19,15,15,15,16,19,19,14,15,20,16,15,15,15,17,16,20,14,14,17,20,17,14,16,19,19,19,18,12,17,12,13,14,14,16,16,21,19,19,16,14,20,17,16,13,17,17,15,16
191,164,131,115,92,82,70,57,49,43,39,39,32,28,27,25,24,24,23,20,20,24,19,18,22,18,23,18,16,21,18,18,18,17,17,22,17,17,16,16,18,17,16,17,20,20,16,20,18,16,16,20,18,15,16,19,16,16,18,19,19,16,16,18,19,14,20,19,14,20,16,16,15,22,20,18,17,21,19,16,15,21,20,16,15,15,16,20,21,16,19,15,16,16,20,20,20,15,16,16,20,19,16,19,16,16,20,20,19,16,15,19,20,15,16,20,20,18,20,16,20,15,16,16,16,20,15,20,16,19,20,17,13,15,21,16,18,14,20,16,20,19,19,14,19,16,18,16,14,20,16,20,20,14,20,16,20,16,19,19,19,19,19,18,14,20,17,18,16,19,16,16,21,16,18,20,19,15,17,20,19,20,18,15,17,16,19,16,17,19,14,19,19,15,20,20,18,16,19,16,16,16,20,15,16,17,20,16,16,16,20,18,16,15,17,21,16,20,15,21,20,16,16,19,16,16,19,16,16,14,17,19,16,19,16,19,20,15,19,20,16,20,19,20,19,14,16,20,19,19,15,19,15,16,20,20
196,164,136,108,91,77,67,62,54,44,42,35,33,30,28,27,25,26,19,22,20,20,23,18,17,22,17,16,15,16,21,20,15,19,19,19,17,14,18,16,19,16,19,14,19,16,15,17,19,19,15,16,20,15,20,15,20,16,18,19,14,16,17,14,16,20,16,18,13,16,18,19,17,14,21,21,20,15,16,17,18,20,16,16,19,16,20,19,18,19,14,19,21,16,19,19,15,16,15,21,16,16,20,14,16,20,20,17,16,19,19,15,19,15,16,15,17,20,20,15,16,19,15,19,15,16,17,16,20,18,19,15,16,19,15,20,17,18,14,19,15,20,19,18,19,18,17,18,13,15,16,16,16,19,17,16,19,19,13,16,15,16,19,15,16,16,16,16,19,15,16,15,16,17,15,19,17,20,15,21,20,16,19,17,18,17,18,13,15,16,17,16,16,19,19,16,20,15,14,16,16,19,16,18,18,19,16,18,18,15,19,14,20,16,18,15,15,16,18,15,16,16,19,19,18,16,14,18,16,15,20,19,18,15,16,16,14,19,15,19,16,18,19,17,17,17,16,13,13,18,15,16,19,17,18,14
196,160,136,112,94,77,68,62,50,46,38,38,30,32,23,27,27,21,21,21,22,19,22,23,21,22,20,19,19,18,18,16,19,14,18,15,18,16,16,14,16,16,16,16,14,20,17,16,19,13,15,20,15,16,17,20,15,19,15,19,15,17,19,19,15,16,19,19,14,13,17,17,17,20,14,21,21,18,14,16,17,20,16,16,19,15,20,20,16,15,20,16,19,18,13,15,18,18,20,18,14,16,16,19,13,15,19,19,14,17,20,16,15,16,15,20,20,18,16,17,18,18,19,15,14,16,20,16,16,20,18,18,14,17,15,16,16,15,19,15,20,14,15,18,16,16,18,18,13,15,16,21,15,14,20,18,16,14,20,16,19,19,13,18,15,16,16,15,15,16,19,14,19,17,16,14,15,19,14,14,15,17,20,15,17,20,16,17,15,16,16,16,11,16,16,11,13,16,14,17,18,14,17,16,13,13,15,18,17,14,15,20,18,19,18,14,19,17,17,14,15,18,14,16,16,16,19,19,13,15,15,16,16,18,19,14,15,15,15,18,19,18,17,11,13,14,19,19,17,17,12,13,12,13,17,16
194,165,132,112,95,82,66,61,48,41,37,36,33,26,28,25,22,25,25,19,21,16,21,17,20,16,16,16,16,20,15,17,17,18,17,19,16,20,16,16,20,20,18,21,19,16,18,18,20,17,19,15,20,21,15,21,16,16,16,20,19,19,15,16,21,16,15,17,20,16,20,14,19,17,16,19,17,19,19,19,14,20,16,19,15,20,19,16,19,19,19,19,15,20,19,14,15,16,20,16,20,15,21,20,15,17,20,16,20,16,19,17,19,19,16,20,18,15,21,21,19,17,13,19,18,19,18,15,14,16,16,15,17,15,20,15,20,18,16,17,14,16,19,14,16,19,18,19,16,16,19,16,15,20,16,19,20,20,20,15,16,19,17,16,16,16,16,16,18,18,15,17,21,20,16,19,19,16,16,19,16,20,19,16,20,15,20,20,16,19,16,19,20,19,15,19,17,16,14,16,16,20,16,16,20,19,16,15,17,17,20,16,16,15,19,18,14,19,20,18,19,17,14,19,16,20,18,18,16,16,20,15,16,20,20,19,19,19,19,19,18,15,20,20,16,19,15,20,19,21,15,19,19,16,19,19
192,164,136,110,95,80,72,57,49,44,39,38,30,32,25,24,23,20,23,19,19,20,17,21,17,17,21,19,15,16,20,20,19,15,16,16,16,19,19,19,16,16,14,20,19,19,19,14,19,16,20,15,19,19,18,20,16,13,19,16,19,16,18,13,19,16,18,14,14,19,20,16,13,18,14,20,16,19,15,19,16,14,17,16,19,19,16,14,15,19,21,20,13,14,16,16,16,20,15,20,16,19,17,17,13,18,18,15,16,15,16,18,20,18,15,20,17,14,17,14,15,21,20,16,16,15,20,15,16,19,16,18,19,20,15,17,15,16,16,17,16,20,20,16,20,19,16,17,14,19,16,19,17,16,13,14,16,14,16,20,16,21,18,13,18,16,19,12,13,18,18,19,17,17,13,14,19,15,19,15,20,15,19,14,16,15,21,16,13,14,18,20,19,16,14,19,16,19,13,16,20,14,18,14,16,19,20,14,14,19,17,21,15,14,16,16,16,14,18,19,16,19,14,18,15,15,19,20,14,17,20,15,17,20,19,20,15,19,14,20,18,19,14,16,18,14,16,15,14,16,20,16,16,14,19,16
192,164,132,116,95,76,65,56,48,42,36,32,33,25,29,23,22,23,21,23,18,19,23,18,23,20,22,17,21,20,16,17,19,18,20,15,19,19,19,19,13,16,12,18,19,20,14,16,15,18,16,16,16,20,16,14,21,15,21,15,16,16,16,16,20,16,19,14,15,17,17,16,18,16,16,19,15,16,16,16,16,16,18,19,19,18,15,15,17,18,20,19,14,21,19,16,18,19,16,20,15,15,15,17,17,20,15,19,21,19,16,19,19,16,15,16,16,19,18,18,15,20,16,15,16,20,20,14,19,17,18,17,18,14,17,14,16,19,15,15,17,17,18,18,13,15,16,17,14,15,16,19,17,18,20,14,16,18,16,15,16,19,14,19,20,20,15,15,16,16,20,16,16,19,15,21,17,16,19,19,16,19,14,20,15,18,16,17,16,17,16,14,18,18,14,19,15,14,19,20,19,16,14,17,19,16,16,13,16,19,16,17,13,18,14,16,16,19,19,15,18,18,16,14,17,19,15,14,20,16,16,15,19,15,17,18,16,18,15,16,16,19,15,16,16,20,15,17,14,19,15,18,14,19,16,16
192,160,137,112,97,78,72,58,54,47,42,34,34,31,24,27,21,22,25,23,22,23,18,22,20,20,17,22,17,21,20,20,19,16,16,15,17,21,16,18,21,16,21,20,16,20,18,16,16,16,14,20,16,17,18,16,17,17,17,18,19,16,20,16,20,20,16,17,16,14,15,19,17,20,14,15,21,20,16,16,16,19,16,19,15,16,19,16,16,19,15,16,19,16,15,19,18,20,19,18,18,19,14,16,20,15,17,21,20,14,16,20,18,19,20,14,16,20,18,15,16,18,18,15,16,15,21,20,17,17,19,19,14,16,15,16,21,16,15,17,20,16,19,16,16,20,16,19,15,16,19,17,19,18,15,20,16,19,18,15,20,20,16,20,16,20,19,15,15,20,16,16,15,20,19,20,15,17,17,16,16,17,15,17,20,17,20,19,19,19,19,15,15,15,16,16,17,17,16,16,16,16,17,19,16,16,16,16,16,19,16,16,14,15,17,16,16,16,17,16,21,16,18,16,15,20,20,18,18,19,19,20,16,18,15,19,16,19,15,20,16,17,15,20,15,17,17,20,19,16,16,16,20,14,16,21
191,163,135,115,92,83,67,62,50,46,41,33,29,32,27,22,22,24,23,23,22,19,22,17,20,17,21,16,20,16,19,18,19,19,19,19,19,18,14,18,19,20,20,15,16,15,16,16,19,13,15,17,19,15,20,15,20,16,20,18,19,16,18,19,14,16,19,20,19,18,16,19,17,18,17,13,19,18,20,17,19,14,20,19,13,15,16,16,18,19,18,19,20,15,18,19,15,18,17,19,19,15,20,15,15,20,16,16,16,15,15,16,20,16,15,20,15,17,16,17,17,16,20,16,17,18,18,19,17,14,15,18,17,15,16,19,15,16,19,16,15,16,17,20,16,15,20,15,16,20,16,18,14,16,20,15,20,18,13,16,19,17,17,16,13,14,16,19,19,19,15,18,16,18,19,19,15,18,19,19,15,16,18,13,16,15,16,19,19,18,15,16,16,16,16,16,14,16,13,15,16,19,14,18,19,16,18,14,15,19,16,18,14,15,16,19,19,18,16,17,13,15,14,19,18,18,14,15,18,19,14,16,15,16,20,16,19,18,14,20,19,14,15,17,15,20,15,16,19,15,20,19,14,19,19,18
195,160,131,109,96,81,69,57,52,39,37,32,32,25,28,26,25,23,19,18,22,22,17,21,19,15,17,20,18,19,17,14,18,20,18,18,14,19,14,12,15,16,16,19,18,15,15,20,13,15,17,19,16,18,19,18,19,18,14,19,19,15,20,18,16,16,13,18,13,17,17,13,13,15,17,13,14,18,13,14,16,19,15,19,15,19,15,16,16,15,16,19,20,13,17,14,19,15,14,19,19,15,16,13,18,20,19,16,17,16,17,12,18,16,13,15,16,19,18,17,17,13,15,15,15,20,20,16,16,17,17,14,19,19,16,15,16,15,20,21,16,15,20,17,18,18,14,19,14,19,20,19,15,18,16,20,16,20,18,17,14,16,19,13,15,16,18,18,17,17,18,13,15,15,19,18,14,16,17,18,14,20,14,20,19,19,15,18,16,17,15,16,17,19,18,18,14,16,19,18,19,14,16,15,16,20,19,15,19,15,16,16,16,18,15,20,20,20,15,15,20,16,19,18,20,14,19,17,14,19,16,15,17,18,14,16,15,19,15,15,16,19,15,14,19,13,16,19,18,13,19,15,20,14,15,16
195,164,136,110,93,81,67,62,55,48,37,37,31,27,29,27,25,23,22,22,17,22,20,16,17,18,18,20,18,16,19,16,16,14,18,20,20,14,16,16,19,20,15,19,20,18,19,17,13,15,16,17,14,16,15,20,18,18,20,15,20,16,18,19,14,16,17,19,17,18,15,19,13,19,18,14,15,17,17,20,19,15,20,19,14,18,20,15,20,19,18,15,19,19,15,20,15,16,14,20,16,16,18,16,14,16,18,19,14,19,19,16,16,18,19,14,16,13,17,19,14,19,17,14,19,17,14,14,16,19,16,10,15,20,18,17,17,15,19,18,19,15,16,18,21,16,18,17,18,14,19,19,17,16,12,14,16,14,16,19,16,19,14,15,19,20,16,18,14,20,19,20,16,12,13,18,14,14,15,20,16,19,18,14,19,18,16,18,18,18,18,15,14,18,16,15,20,14,16,16,15,21,19,19,18,15,19,18,17,18,18,18,13,15,16,19,20,14,18,15,19,20,15,14,20,15,16,19,19,16,16,19,14,15,16,16,17,19,15,16,20,20,13,18,18,14,19,16,13,19,15,21,19,18,18,15
194,163,132,114,96,80,65,56,48,46,38,37,32,29,28,23,22,22,26,25,24,18,18,22,23,18,18,23,19,22,19,22,18,18,19,19,23,22,21,20,20,20,16,20,16,16,19,16,20,16,19,20,19,16,20,20,16,15,18,17,21,20,15,20,16,20,16,16,16,20,16,16,19,16,15,20,16,19,20,19,18,16,19,15,16,16,19,16,19,18,14,16,20,16,16,20,16,18,15,16,18,20,14,20,16,16,20,16,16,16,20,21,20,15,17,17,20,20,16,21,16,16,18,16,20,19,18,16,19,19,15,15,21,20,16,16,18,15,16,19,16,19,15,16,16,21,16,15,18,16,21,16,21,20,15,20,19,21,16,20,18,18,15,20,16,19,15,16,19,19,16,15,20,16,20,19,19,15,16,20,16,18,20,15,16,16,20,20,16,16,19,19,19,18,18,16,19,19,18,16,15,16,20,19,15,17,20,17,16,20,20,15,20,16,16,16,16,19,17,20,19,17,15,19,17,17,20,16,18,16,15,21,17,16,16,17,16,16,16,20,16,17,20,19,16,16,19,20,19,16,15,16,17,16,16,20
190,158,136,115,92,77,68,62,54,48,36,34,30,32,28,25,23,23,23,22,17,20,16,20,20,14,14,16,20,16,16,20,15,17,20,14,15,16,16,20,14,20,16,19,14,19,19,18,18,15,18,17,12,15,15,19,19,15,17,20,14,18,20,19,20,17,14,16,17,17,16,16,12,14,17,17,13,16,16,17,16,12,16,14,14,20,19,15,20,19,17,17,17,17,16,12,16,16,14,17,18,16,14,16,18,12,17,13,15,20,19,15,20,17,17,14,19,16,15,20,18,17,14,16,14,15,16,19,18,13,19,18,19,15,16,16,20,20,16,18,18,19,19,15,15,16,18,16,16,15,19,17,15,15,17,19,17,18,14,15,19,15,18,19,19,14,14,15,19,20,17,12,18,17,17,16,11,17,12,17,14,14,14,18,16,19,14,16,17,19,15,15,17,16,16,17,18,15,16,19,15,16,16,15,18,14,18,19,16,18,13,15,19,20,15,19,14,15,19,21,16,18,18,16,14,18,16,19,19,19,14,14,19,19,18,14,18,19,15,16,15,18,13,19,20,13,18,14,15,21,14,15,20,21,16,19
191,165,135,110,98,77,67,64,52,46,37,37,33,26,28,23,24,20,20,19,21,20,20,20,21,20,18,17,18,19,13,18,18,14,16,14,16,15,16,19,14,19,14,19,18,19,13,15,16,16,15,17,19,19,16,17,11,13,14,20,18,14,17,17,20,19,16,13,14,16,13,18,18,15,19,18,18,14,19,17,13,18,15,19,15,17,13,19,19,18,16,15,18,14,18,14,18,15,16,19,17,16,17,16,17,11,16,16,15,12,12,16,12,18,18,17,17,14,18,19,16,14,14,17,19,18,17,17,12,11,17,13,18,17,16,16,12,18,14,17,19,16,19,19,15,20,19,16,18,18,16,19,20,19,19,15,20,20,15,20,16,16,15,16,16,21,19,15,20,19,15,20,16,16,15,21,19,18,16,15,16,16,15,17,16,19,18,19,15,19,19,19,19,15,18,16,18,15,20,15,16,16,20,16,19,18,20,15,16,16,19,21,16,18,15,20,19,15,16,15,20,16,16,16,15,16,17,16,16,18,20,15,18,18,21,20,16,17,16,19,15,16,16,16,19,19,15,17,16,19,16,15,16,16,16,20
191,165,133,116,98,81,70,63,53,42,42,37,34,32,28,23,22,22,26,21,25,19,20,23,19,22,21,17,21,17,21,19,16,19,21,16,16,19,16,20,17,16,20,16,20,16,21,19,19,19,18,18,20,20,17,17,18,17,18,18,14,16,19,20,16,19,18,18,16,17,16,19,14,17,17,20,16,16,16,20,19,20,19,16,16,15,21,16,20,16,20,16,16,20,17,20,20,20,19,15,20,15,17,22,19,16,19,19,19,16,14,16,16,19,19,15,19,20,16,15,17,16,20,16,16,16,20,20,16,15,21,19,19,13,18,14,16,19,19,14,14,16,16,17,16,14,15,20,16,19,18,15,16,16,16,19,19,16,16,16,16,19,15,20,16,15,17,21,20,18,19,19,19,17,16,16,19,20,18,14,20,18,19,20,19,15,20,20,16,16,17,15,17,21,16,20,16,20,17,16,20,17,17,17,16,19,19,15,16,16,20,19,16,16,19,19,19,19,19,19,19,19,20,16,16,19,19,16,16,15,16,20,19,16,19,16,18,19,19,14,16,16,19,19,19,18,14,16,16,16,20,16,20,16,20,15
192,165,136,112,89,77,71,62,52,41,36,36,32,29,27,25,25,19,21,22,21,22,17,20,19,19,16,15,14,16,19,16,20,18,14,16,20,19,18,13,18,19,15,18,18,14,17,20,16,13,15,21,15,18,14,16,20,19,17,14,16,13,14,16,14,18,19,18,16,17,14,14,15,18,19,14,17,19,19,18,15,16,15,16,18,18,16,14,18,19,15,16,19,17,12,19,14,16,19,14,20,15,16,19,14,19,18,19,15,19,18,18,15,17,17,17,13,17,12,18,14,19,18,16,16,16,13,14,20,15,19,19,19,16,19,19,18,18,16,14,20,15,17,14,14,16,21,19,18,14,19,16,19,13,14,19,16,19,18,14,14,16,19,17,16,14,18,19,17,12,17,14,16,14,15,20,15,16,16,15,16,17,16,15,20,15,17,20,17,13,18,19,18,14,18,18,18,13,18,17,14,15,20,17,14,15,16,20,15,17,15,18,18,14,14,17,20,20,14,19,15,20,16,14,19,16,14,15,19,17,14,15,16,14,14,18,20,15,18,17,14,16,18,13,17,18,13,19,14,18,20,16,16,17,14,14
191,163,137,111,96,76,70,60,52,46,36,32,27,28,26,25,27,26,21,21,21,24,23,23,22,18,18,19,22,22,21,17,16,16,20,16,19,16,18,21,17,19,20,20,17,16,19,15,15,20,16,18,17,16,16,20,19,19,15,16,19,19,15,20,20,20,16,15,17,20,16,16,14,19,20,16,19,19,19,16,15,20,19,15,16,20,15,16,16,16,19,19,18,16,18,14,19,19,20,19,15,16,18,18,20,16,14,16,16,20,20,16,15,20,20,18,20,16,16,20,16,16,19,19,16,18,18,18,14,15,19,14,18,15,16,16,13,13,15,20,19,20,16,15,19,16,19,18,19,14,16,15,20,17,20,19,14,16,16,19,20,18,14,16,16,16,20,16,16,19,16,16,19,19,16,15,16,15,22,20,16,17,16,20,20,16,16,14,16,21,18,17,20,15,22,22,19,14,17,17,17,17,19,19,19,15,15,16,18,21,17,20,20,19,19,16,19,16,14,21,20,18,17,20,19,16,16,19,19,19,19,14,16,16,16,17,20,16,18,16,16,20,17,19,16,15,19,19,14,16,16,16,18,18,20,16
193,164,137,114,96,80,69,60,48,41,36,29,32,29,26,20,21,21,24,21,20,15,17,18,16,14,16,15,21,18,14,15,20,19,17,16,16,16,17,15,12,17,13,14,13,18,19,15,17,18,13,18,18,15,16,13,16,15,19,18,14,15,16,19,14,16,15,20,16,17,17,14,18,20,12,16,16,13,14,18,13,18,18,14,19,16,14,16,20,15,19,18,14,17,18,18,18,16,19,17,13,19,15,17,16,14,19,16,16,18,14,16,16,20,18,18,17,13,18,16,13,14,19,14,19,14,18,18,18,14,16,16,19,13,14,21,20,17,18,18,16,19,16,18,17,11,11,18,18,17,13,13,14,16,18,18,18,14,16,14,20,19,16,20,13,14,14,17,17,19,17,17,18,18,12,16,16,12,18,12,19,15,19,20,14,14,16,16,16,17,13,17,16,15,13,18,17,16,15,15,18,15,20,16,17,14,14,20,19,18,17,17,15,19,17,13,14,16,16,13,18,14,16,20,19,14,15,17,21,15,16,20,16,16,14,14,17,17,19,17,13,17,19,19,18,18,13,16,19,18,18,18,18,17,16,11
195,160,132,115,97,76,66,60,50,44,42,35,30,32,29,24,22,25,20,23,23,22,20,20,20,15,21,19,13,18,15,20,19,18,17,15,16,20,14,20,20,20,16,14,20,19,16,15,15,17,20,16,19,19,19,15,15,16,15,20,16,16,14,19,16,19,14,18,18,14,16,17,15,16,16,19,16,14,19,15,15,20,14,16,20,19,20,19,13,18,19,17,14,19,19,18,18,13,17,17,17,18,16,16,11,18,17,12,12,18,14,14,19,16,15,15,21,15,14,20,15,20,15,18,15,15,16,18,16,17,15,18,20,20,16,15,20,18,20,20,17,18,14,15,16,15,16,15,19,15,17,20,18,15,16,14,16,15,19,16,19,19,12,15,16,14,17,16,15,20,19,14,18,18,19,16,16,10,14,17,13,13,14,14,19,19,17,16,12,14,18,13,14,18,16,19,15,15,17,14,15,16,19,16,16,15,16,17,11,17,14,15,19,19,15,19,14,19,17,17,14,19,13,14,15,20,16,20,16,14,14,19,18,17,13,15,19,15,17,14,18,18,17,13,16,15,15,15,17,15,16,17,18,18,15,15
192,160,135,109,92,83,70,56,51,45,40,32,32,24,22,26,25,23,20,22,21,16,17,15,20,16,19,17,18,14,16,16,14,16,20,16,19,19,17,17,17,17,12,16,17,13,17,18,16,12,15,14,15,17,20,17,19,19,15,20,16,20,14,18,18,18,16,17,18,14,15,20,14,18,15,19,19,16,11,15,15,20,14,20,16,16,19,16,16,17,13,13,14,19,15,20,16,14,18,16,16,15,19,13,19,16,18,16,18,15,20,15,20,17,19,18,14,16,16,18,18,15,20,15,15,20,20,14,19,15,14,14,20,16,16,20,16,19,16,15,16,19,16,16,20,20,19,17,16,12,14,14,18,17,16,14,14,19,17,19,18,18,13,19,13,19,18,16,14,14,19,20,12,13,15,19,19,13,13,15,16,20,14,15,19,19,21,13,14,16,19,16,14,19,18,19,15,15,16,20,16,20,18,14,18,16,15,17,16,16,13,14,17,12,13,18,14,14,19,19,15,15,18,17,17,13,18,13,16,16,13,18,17,12,13,14,15,16,18,16,15,20,16,14,16,20,20,18,14,14,20,16,15,19,15,16
196,165,136,110,96,75,64,55,48,42,41,32,29,28,25,27,25,25,24,21,18,17,17,18,21,19,18,19,15,18,19,17,18,17,14,15,17,17,18,12,13,18,14,20,16,20,15,16,20,17,20,18,19,15,16,19,19,18,16,19,14,16,19,20,16,14,19,19,20,19,19,19,14,16,19,19,16,18,18,16,15,15,20,16,20,16,15,16,20,20,19,13,16,19,18,15,16,19,16,19,18,14,15,20,20,16,18,18,19,15,16,18,19,19,15,19,14,21,17,16,19,16,14,15,16,15,19,19,19,15,19,20,18,12,18,18,18,14,20,13,15,16,18,18,18,14,14,17,19,18,17,18,18,17,16,17,13,17,18,16,14,12,17,16,14,10,12,13,16,14,12,15,17,16,14,18,18,15,16,18,14,19,15,15,15,15,17,20,19,14,19,19,14,15,19,13,17,16,13,15,19,17,13,17,11,13,14,14,16,15,19,20,15,17,15,16,20,18,19,16,15,17,17,17,11,16,12,18,17,11,16,17,12,14,13,14,20,19,14,15,18,19,16,18,18,12,15,19,14,13,19,15,16,16,19,18
195,160,133,116,97,82,68,57,49,43,42,36,26,26,30,29,26,20,24,23,17,20,19,16,20,16,16,19,16,17,16,16,18,19,16,16,15,19,20,16,20,17,19,20,16,18,19,15,17,17,17,16,13,19,19,15,16,18,19,20,19,18,17,14,16,16,14,14,21,16,20,19,17,19,14,15,16,16,19,19,13,20,19,15,19,20,16,14,16,20,15,20,15,16,16,19,19,13,16,18,14,17,19,15,19,20,16,13,19,21,17,16,17,18,17,17,14,13,20,19,15,20,15,17,20,15,20,18,14,18,14,20,15,16,20,14,16,14,20,16,13,15,18,20,19,15,17,19,16,15,19,16,15,19,16,16,13,16,13,16,17,14,14,19,19,18,15,16,20,17,18,14,19,15,20,19,18,13,18,18,13,14,19,18,15,15,15,15,17,19,14,15,20,20,18,13,19,18,16,17,17,16,17,13,14,15,16,15,15,16,17,16,12,13,19,13,13,18,14,15,14,14,16,18,18,17,16,11,14,19,14,18,14,20,19,12,17,14,14,14,17,18,18,19,15,13,16,14,16,16,19,14,15,21,20,18
192,160,136,114,92,79,72,59,53,42,39,35,35,28,29,29,26,26,24,18,23,22,18,20,17,20,16,16,19,16,13,14,20,16,19,14,13,16,16,15,20,14,17,20,16,15,19,16,20,15,14,19,19,18,16,13,16,14,16,16,18,14,16,20,19,19,19,18,14,15,16,12,14,16,19,17,12,17,17,17,12,13,18,19,14,16,18,18,20,18,15,18,19,18,18,16,13,13,14,15,18,13,15,19,16,13,14,15,16,16,15,19,19,15,16,14,14,15,16,18,17,11,17,16,13,13,16,13,17,18,14,18,18,15,19,20,15,17,15,20,19,16,19,16,16,15,18,18,15,16,15,17,18,13,16,19,17,16,12,19,14,16,12,18,13,13,13,19,18,19,17,14,16,19,15,16,17,18,15,16,18,18,19,17,14,20,19,19,18,15,15,20,19,15,16,19,18,16,18,14,14,20,15,19,16,15,16,16,14,21,16,17,14,19,15,16,17,12,18,18,17,16,17,16,12,13,17,13,19,14,16,12,14,14,21,14,16,20,16,16,15,20,20,18,16,14,15,17,16,20,16,19,15,20,21,16
197,160,132,115,95,82,65,60,49,43,36,32,32,29,24,23,22,21,25,20,19,18,18,18,23,23,16,20,20,17,19,14,16,19,16,19,16,15,17,20,15,15,20,16,19,16,13,14,17,18,17,17,17,13,14,14,16,15,20,20,20,18,18,19,16,14,15,16,16,20,15,19,21,20,19,19,18,19,18,18,19,17,18,12,17,13,15,19,16,16,19,14,20,20,19,18,19,13,15,19,13,16,16,15,21,15,16,16,16,15,16,19,20,19,19,18,14,15,18,19,14,14,20,19,21,18,18,18,13,19,15,16,16,14,16,19,16,16,19,16,19,15,20,16,20,14,19,14,19,19,18,20,17,14,20,18,17,19,19,14,19,18,17,14,16,18,13,19,19,14,19,15,16,16,16,14,20,19,16,16,19,13,15,15,17,14,20,15,16,16,16,16,20,20,15,18,14,16,20,16,12,17,13,15,20,18,19,15,20,16,12,13,15,16,20,13,15,16,18,20,13,15,15,16,19,16,19,18,15,20,14,20,16,21,19,14,15,19,20,19,14,19,15,16,19,18,14,19,15,17,14,19,14,20,16,15
191,160,132,111,98,83,66,61,53,43,38,38,32,25,24,23,26,21,18,22,18,19,19,22,22,18,21,16,19,16,15,19,17,20,16,14,16,20,15,16,19,14,19,17,17,17,18,18,14,20,14,17,17,21,17,16,17,20,16,17,15,19,20,15,16,18,15,17,20,16,15,17,16,19,16,15,17,21,20,20,17,18,14,16,19,18,18,14,16,17,19,14,19,15,20,15,20,20,18,16,18,20,15,15,20,19,16,15,19,16,14,16,19,16,19,15,16,19,19,19,17,15,18,16,19,13,14,19,20,19,14,19,14,19,19,15,16,18,19,15,18,16,15,15,19,20,20,14,19,15,19,20,19,18,17,14,15,16,14,20,15,20,20,16,19,15,16,16,16,15,19,16,15,16,16,14,18,21,19,16,18,15,16,15,20,15,17,20,17,19,14,16,17,16,15,19,17,16,15,16,14,16,18,20,20,19,15,20,16,20,15,15,20,20,15,17,19,16,19,16,17,19,19,14,20,19,15,16,20,16,19,20,19,15,19,14,18,21,16,19,18,17,18,17,17,13,17,17,17,13,17,14,19,19,15,14
195,160,136,110,92,83,71,61,49,43,43,38,28,32,25,23,23,22,26,24,23,19,22,18,19,18,23,17,20,18,17,18,19,19,16,18,19,15,20,16,20,16,16,19,16,19,20,18,19,14,20,17,15,20,19,20,19,14,20,18,20,16,18,18,15,20,20,15,16,19,20,16,16,19,20,16,15,15,20,20,20,19,16,16,18,20,15,18,14,17,18,16,16,20,18,17,19,18,15,18,15,16,19,18,14,16,20,19,14,20,16,16,19,20,19,15,15,16,20,20,16,16,16,19,18,20,19,18,15,19,19,18,19,19,15,19,18,14,20,20,19,18,18,15,15,21,16,20,16,16,16,19,16,16,16,16,19,20,18,16,19,18,19,19,16,18,19,16,18,19,19,16,16,16,16,19,19,19,19,20,14,15,19,16,17,21,15,20,16,19,16,19,15,21,20,15,16,16,16,16,20,19,16,15,20,19,14,20,20,17,18,15,19,16,16,16,16,19,16,19,16,15,20,20,15,16,16,20,20,16,18,19,15,16,20,19,16,15,21,21,17,15,21,21,20,19,20,16,19,19,17,16,18,17,15,19
192,164,131,115,92,83,69,57,51,46,38,37,32,27,24,23,23,23,22,22,22,18,22,22,21,18,17,17,16,20,20,18,19,19,15,18,18,19,19,18,14,15,17,21,15,20,20,19,19,15,19,19,19,19,17,17,17,14,15,14,15,16,20,14,15,15,17,19,21,16,15,20,16,16,18,15,20,16,15,19,19,15,15,20,15,15,19,15,16,15,19,15,17,20,16,13,15,19,19,18,14,19,16,18,16,17,12,16,17,13,17,17,13,15,15,18,18,16,15,16,19,18,18,18,14,13,14,20,16,21,16,17,19,20,16,16,19,20,13,15,17,17,17,20,14,18,15,20,18,13,14,19,15,20,18,18,19,15,19,18,17,14,14,19,14,19,17,18,14,17,13,14,16,16,15,18,18,19,18,18,14,15,19,19,19,15,19,15,16,18,16,19,14,19,18,15,20,16,15,16,18,19,15,16,15,14,15,17,18,19,15,20,15,17,20,19,15,16,16,16,16,17,15,21,14,19,19,15,18,18,14,20,16,16,18,13,19,18,15,14,20,19,16,16,14,14,19,20,15,16,19,16,16,19,17,13
195,165,136,114,96,80,66,56,52,41,41,36,27,28,27,22,26,24,23,19,18,22,22,22,18,22,19,22,20,20,15,17,20,20,19,16,15,15,16,16,20,20,17,16,19,19,18,14,16,16,20,15,16,20,19,18,16,19,14,20,20,20,14,19,19,20,19,18,19,15,15,17,21,19,15,20,19,15,18,18,19,14,20,14,15,20,16,19,15,21,15,17,19,18,18,14,16,20,14,16,17,18,19,14,19,15,19,19,18,16,15,19,15,20,15,21,21,15,18,15,16,21,20,13,16,19,20,14,18,13,15,16,19,20,15,16,19,15,18,20,18,15,19,18,18,14,15,16,19,20,15,19,16,19,19,15,16,14,15,17,16,18,16,18,19,18,14,16,16,16,19,14,17,20,19,19,15,16,19,20,13,16,19,19,16,18,14,20,16,15,17,16,16,16,20,19,15,20,16,19,17,17,14,14,20,16,16,20,15,18,18,17,14,16,18,20,20,15,20,15,19,20,17,20,16,18,18,19,16,18,16,15,20,16,19,18,14,16,16,15,20,19,20,16,19,14,15,20,16,20,16,16,15,20,20,20
193,164,136,114,93,82,70,58,54,47,38,33,30,30,29,25,23,26,26,24,18,19,17,17,21,21,19,18,15,16,16,19,19,19,15,17,16,16,19,20,15,19,14,16,17,19,16,15,19,19,18,16,18,18,14,19,17,18,15,20,19,16,11,16,14,14,14,15,17,17,20,19,19,20,19,15,19,19,14,19,19,14,16,20,19,15,20,19,20,16,14,17,14,16,20,15,16,15,16,16,20,18,14,16,20,19,14,14,16,16,15,20,19,14,19,14,14,16,17,16,16,19,16,19,20,19,18,14,16,15,20,17,16,16,16,16,16,19,20,19,17,18,14,19,20,15,17,15,19,15,16,18,15,16,16,15,20,15,20,19,15,15,16,16,16,16,16,15,16,15,21,16,20,18,17,19,15,19,20,19,19,14,15,16,20,18,15,16,20,16,15,20,15,21,17,19,16,18,18,14,19,20,15,18,16,15,20,13,19,14,20,13,19,14,15,17,20,16,20,15,20,20,14,16,20,18,13,14,19,18,19,18,16,13,18,14,17,16,12,14,15,16,15,19,16,19,18,16,16,17,16,16,16,13,17,16
190,158,132,111,98,83,70,60,53,43,38,34,31,29,27,25,24,23,26,21,24,23,19,23,18,18,18,18,18,21,17,17,20,17,19,20,20,15,21,18,15,16,17,17,16,18,16,20,19,16,19,19,18,18,16,13,19,18,18,14,20,19,19,15,16,19,18,15,20,16,18,19,19,18,15,20,19,19,15,18,14,20,19,14,18,19,15,15,20,19,15,20,19,15,16,15,20,16,16,18,18,13,19,18,14,14,20,19,16,14,16,15,20,16,17,19,19,15,16,16,18,19,19,14,14,15,21,17,16,16,20,19,17,20,17,20,15,16,15,20,16,17,13,19,14,20,16,15,16,19,18,18,18,15,16,16,16,21,16,13,16,16,18,15,18,17,19,20,16,14,19,19,14,19,15,16,19,16,18,16,16,16,12,17,12,13,17,18,17,13,19,18,18,15,15,16,19,20,19,14,19,16,15,21,15,19,20,18,19,14,18,16,14,20,16,19,19,15,20,18,16,18,14,16,15,16,19,17,17,19,16,16,16,16,13,15,16,19,18,18,19,19,18,18,17,13,18,17,19,13,14,16,19,18,18,17
196,163,130,111,93,80,70,63,54,44,43,34,28,26,29,27,23,21,21,19,24,19,21,16,15,21,16,19,19,19,16,20,14,16,15,16,16,16,16,16,19,20,18,15,16,16,19,15,16,16,16,16,15,19,19,16,16,13,16,17,19,15,14,15,15,20,19,16,18,16,15,20,15,20,16,19,19,16,13,14,19,16,14,19,18,14,20,17,13,14,20,20,15,14,19,18,19,13,15,16,20,16,14,19,20,18,15,14,16,20,16,16,14,15,21,20,16,19,15,20,15,21,15,19,19,16,15,19,19,15,16,15,16,16,17,20,16,15,21,17,17,19,18,15,17,15,21,16,15,19,15,21,18,14,17,20,19,17,12,15,18,18,13,18,16,19,16,18,18,18,19,19,14,15,16,20,19,16,17,18,15,19,19,18,15,16,20,19,18,19,14,20,19,19,19,19,19,14,14,16,20,20,17,18,15,17,20,14,17,17,19,16,18,15,17,16,19,17,12,14,20,15,20,20,14,16,17,19,18,17,14,16,16,18,18,15,21,18,18,18,19,18,14,14,16,17,20,16,15,20,16,16,14,20,20,19
195,160,135,115,92,81,69,61,48,42,41,32,29,32,28,22,22,25,21,20,19,19,22,19,19,23,21,19,17,20,19,14,14,17,19,16,16,15,16,15,17,20,16,20,20,18,16,16,18,18,18,14,18,16,16,16,20,18,18,14,19,19,18,17,18,18,18,14,17,19,19,18,18,19,19,14,15,16,20,16,20,18,16,17,18,18,19,18,18,19,16,18,14,15,18,18,18,15,17,20,19,16,17,13,18,18,14,18,19,15,16,14,20,16,20,16,18,18,16,16,19,14,15,21,16,18,14,19,16,18,14,20,16,19,16,16,19,19,15,20,15,16,16,20,16,15,16,17,21,19,15,16,16,18,14,16,18,19,17,17,17,14,18,18,15,16,18,16,14,20,15,16,16,15,20,16,19,20,16,18,16,18,18,19,18,18,13,15,16,19,16,15,20,16,15,17,16,21,17,16,20,16,16,16,19,19,15,19,16,16,16,15,20,17,16,19,19,19,16,17,15,16,19,16,16,19,18,13,20,18,15,20,18,19,18,14,16,19,19,16,16,18,18,16,18,14,20,20,17,13,15,14,20,18,18,16
192,165,137,115,96,77,70,58,54,45,43,34,35,28,31,25,28,22,26,20,23,21,25,23,23,22,18,22,18,18,22,21,22,21,16,16,20,20,20,17,20,16,16,20,20,15,19,17,20,20,20,15,17,18,21,20,16,16,19,16,15,20,19,19,19,19,20,19,18,16,15,19,17,20,20,20,21,16,19,17,20,19,17,16,19,17,16,20,21,18,20,20,16,19,16,16,20,20,15,16,16,18,22,20,20,17,18,21,16,16,16,21,17,17,21,20,20,16,16,16,19,20,20,16,18,20,16,19,17,16,20,18,16,14,16,20,20,14,15,16,20,19,19,18,13,19,15,16,17,16,17,17,21,20,16,16,20,17,20,16,16,21,16,16,16,16,19,19,20,18,16,20,20,19,17,20,16,16,16,16,17,18,21,21,21,16,17,17,16,16,20,17,22,21,19,20,20,20,19,16,16,19,16,16,19,16,20,20,16,15,16,17,20,16,19,19,16,16,20,18,16,16,19,19,16,20,19,16,16,19,16,16,18,16,19,16,20,19,19,18,18,16,15,16,16,16,20,20,17,16,16,15,22,21,16,16
192,166,138,115,97,78,71,58,54,48,38,34,35,28,27,29,23,26,25,25,23,19,17,20,17,18,17,20,15,17,20,19,18,16,15,20,18,20,14,18,15,19,13,18,18,17,18,13,17,13,14,16,14,20,15,20,20,19,18,18,19,18,13,14,15,16,16,18,18,14,16,17,18,16,17,20,16,17,13,16,15,16,16,19,19,19,16,19,17,16,13,14,15,18,18,18,19,14,19,19,16,16,13,16,15,17,16,15,16,18,15,20,19,19,18,18,16,18,14,19,15,16,18,14,17,19,13,17,19,19,16,19,15,20,15,15,20,20,17,17,14,18,15,18,19,20,19,19,17,14,13,18,13,18,14,18,15,14,16,19,20,17,17,16,16,17,13,18,12,17,13,14,15,14,16,17,19,19,15,15,20,16,20,17,18,15,17,13,18,18,14,19,13,17,14,15,16,16,15,20,16,15,17,16,21,20,19,18,15,14,16,15,18,18,17,17,16,14,12,19,19,18,13,13,19,14,15,15,16,19,15,20,18,18,18,18,15,18,17,14,17,20,14,20,19,20,20,13,17,13,18,16,12,16,12,14
192,164,132,110,92,79,68,64,50,44,41,33,31,32,29,28,22,23,22,23,21,25,19,19,18,22,20,19,18,21,21,20,18,16,17,21,20,17,20,20,19,16,16,16,15,19,16,19,16,16,20,15,21,21,16,20,19,16,19,18,20,19,17,15,17,20,15,19,17,19,20,16,16,20,16,16,17,15,18,21,18,22,21,20,16,16,20,20,16,16,16,16,16,16,20,19,21,19,19,14,20,20,20,20,19,16,16,21,16,20,19,19,18,15,16,19,15,17,21,20,19,16,19,19,15,17,17,20,15,20,20,17,16,18,19,16,19,18,18,14,16,19,19,16,19,18,15,19,18,19,18,15,16,19,16,20,16,16,15,17,16,16,18,20,16,19,16,20,19,20,19,20,18,18,17,19,19,14,15,16,17,20,17,20,20,20,19,19,19,15,19,16,17,19,15,18,18,22,18,18,21,18,17,17,21,16,16,19,16,20,19,20,19,19,15,17,19,17,18,16,16,19,17,21,17,20,16,20,15,17,21,16,20,20,19,17,20,16,19,19,16,16,14,21,17,19,20,15,17,15,19,19,16,21,15,17
194,163,136,113,97,82,70,56,49,41,41,35,32,24,23,23,22,21,19,23,18,18,21,20,16,19,21,16,14,15,21,16,19,16,18,17,14,13,19,16,19,15,14,19,16,16,16,16,17,14,19,15,19,15,19,19,20,19,17,14,15,20,15,15,17,17,19,20,15,18,16,16,15,16,15,16,21,19,13,19,16,20,18,13,19,20,17,15,19,19,19,19,14,15,17,16,19,14,16,18,16,17,18,18,17,18,15,19,18,15,16,16,15,15,17,21,16,15,16,19,19,19,14,15,15,20,20,13,18,18,18,18,17,15,14,16,18,15,19,15,15,17,16,19,21,20,18,18,19,19,18,19,12,19,15,16,20,15,16,16,15,21,16,18,17,19,16,14,15,21,20,20,16,19,18,15,21,19,19,19,16,15,18,15,17,20,19,14,19,20,20,19,17,13,18,15,17,15,16,19,19,16,14,15,16,19,17,15,21,15,17,21,18,15,17,17,17,15,20,19,19,15,16,15,19,14,16,19,15,16,19,19,18,14,19,16,16,18,13,19,19,19,13,12,15,19,15,17,16,13,19,15,17,15,19,19
192,164,135,111,91,76,66,57,50,42,41,35,28,28,27,30,27,21,20,21,25,22,17,23,16,20,16,15,20,15,16,16,20,16,18,19,15,15,20,20,16,19,18,15,19,19,17,17,13,19,14,19,16,14,18,19,15,19,19,20,15,16,14,19,20,19,16,16,13,20,20,16,18,14,19,19,16,13,19,19,20,15,19,15,20,16,20,17,15,19,15,16,19,16,18,16,19,18,15,17,17,16,19,16,19,14,20,19,20,19,19,14,18,19,16,21,17,14,16,20,16,15,18,15,20,16,15,19,16,14,20,16,15,17,14,15,17,16,19,17,17,13,18,18,14,20,15,20,20,15,16,20,17,18,15,15,19,17,18,18,19,18,14,19,20,15,17,18,16,19,16,18,12,19,15,19,18,13,19,19,18,14,16,19,17,14,20,19,18,19,20,18,14,16,15,20,20,18,14,16,19,17,14,18,16,19,19,14,16,15,17,17,15,21,18,16,16,17,17,15,16,14,16,20,16,20,19,17,14,19,19,18,18,14,16,16,15,15,20,19,19,15,15,16,16,17,18,18,18,14,16,15,16,16,20,15
194,163,134,114,98,80,68,58,54,43,43,35,30,32,29,28,25,25,19,20,20,20,23,22,18,21,18,18,18,22,22,18,22,18,18,18,22,21,22,21,21,20,20,19,19,15,21,20,16,19,19,19,16,19,20,19,16,16,15,16,21,17,19,20,16,19,16,19,17,16,15,18,17,21,17,17,20,20,16,16,16,16,16,16,19,20,15,16,16,20,20,15,21,20,20,16,20,19,16,18,20,19,15,20,19,19,20,14,16,17,15,21,16,16,16,20,17,20,20,15,20,20,16,18,18,14,16,20,17,16,20,18,16,18,14,19,18,14,17,17,17,12,13,17,18,14,16,19,16,18,19,15,21,19,19,16,16,15,16,15,17,21,20,15,20,16,17,20,20,20,16,18,16,20,16,20,20,17,17,16,16,16,20,16,20,16,18,17,16,16,16,16,19,16,20,19,21,20,15,20,19,19,19,16,15,16,20,20,16,19,16,20,16,15,17,16,17,20,19,16,19,19,19,18,20,14,17,16,16,16,20,16,20,19,20,17,16,15,16,16,16,20,19,21,18,15,21,20,15,17,20,18,16,18,16,20
196,161,135,114,90,82,70,62,54,42,39,34,35,32,28,27,24,24,23,21,21,17,17,17,17,15,17,21,20,16,20,18,16,20,15,15,15,16,21,17,20,19,19,16,15,17,21,17,21,16,15,19,17,21,21,15,20,21,15,16,16,19,20,16,16,14,16,16,20,19,19,19,15,21,16,19,19,18,15,16,18,20,15,16,16,18,15,20,16,20,18,18,19,17,20,14,19,14,16,17,18,14,16,20,16,19,16,15,21,20,17,16,18,19,16,18,17,18,14,16,19,19,19,19,19,14,19,18,15,20,15,21,16,18,19,18,18,15,17,14,16,20,19,15,16,14,16,16,21,20,18,14,21,20,18,18,17,19,20,14,17,14,15,17,16,14,18,21,22,17,20,20,18,16,16,18,15,20,20,20,15,16,15,18,17,19,20,19,17,20,14,16,16,20,19,15,19,16,17,20,18,15,20,21,16,15,15,18,17,16,16,14,20,19,19,13,18,14,20,16,18,15,17,17,16,19,20,20,16,20,15,16,19,20,16,15,17,17,20,16,16,21,19,19,16,15,20,20,20,17,16,20,19,20,16,14
196,162,134,112,93,84,69,59,55,49,38,38,32,30,24,24,26,25,25,19,24,19,20,15,20,21,16,14,16,16,20,19,15,18,20,16,16,19,18,20,20,14,19,16,16,16,16,16,16,17,21,20,15,20,20,19,15,16,20,20,21,19,15,19,16,20,15,15,16,19,21,16,17,19,19,15,14,19,16,16,19,19,19,14,20,19,19,18,15,19,19,18,12,17,14,18,20,18,13,16,15,14,15,16,19,16,18,14,16,18,15,19,16,16,20,16,18,19,14,20,19,18,15,19,15,20,15,19,20,17,13,18,18,14,19,15,20,15,21,20,14,21,17,16,19,20,18,15,15,21,19,15,15,16,19,20,19,18,19,14,19,20,18,17,17,13,13,14,14,16,16,14,19,16,17,19,14,15,19,20,18,15,14,16,20,19,18,16,17,13,19,16,11,13,15,15,15,15,16,16,17,18,14,17,21,20,18,17,16,14,15,15,15,15,19,16,17,15,18,16,19,18,16,16,16,19,18,12,15,21,16,16,18,18,18,15,19,18,14,16,16,18,17,12,18,15,18,17,18,19,18,13,17,16,12,14
192,161,134,114,93,81,65,57,52,42,37,36,33,30,29,23,25,21,21,20,20,19,19,25,22,21,17,20,18,17,18,17,18,18,22,18,22,22,23,22,16,17,21,21,21,20,15,19,20,16,16,17,20,19,16,21,20,19,16,15,16,21,19,16,19,15,19,19,16,21,20,19,15,21,16,20,15,17,16,16,19,19,21,16,20,19,17,19,16,20,18,17,18,14,21,14,16,20,19,17,16,19,20,15,16,16,20,16,16,20,16,19,19,20,19,16,19,14,16,20,16,16,17,20,20,16,16,16,19,19,19,19,14,15,20,20,14,18,17,20,13,19,17,20,14,19,18,19,18,18,18,18,16,16,20,18,15,21,16,20,16,16,20,16,19,19,18,15,21,20,16,19,15,16,20,20,19,16,16,20,20,19,19,20,14,20,15,16,21,20,19,18,19,16,19,19,15,17,16,16,19,19,16,20,19,14,15,16,19,19,15,20,19,16,19,15,20,20,16,19,16,14,20,21,14,18,20,16,16,20,19,20,16,20,16,16,16,19,17,19,16,19,21,16,16,19,15,17,21,20,16,19,16,19,20,16
192,161,137,111,97,81,66,59,49,46,40,36,33,26,28,26,26,22,19,21,20,21,23,21,20,17,21,17,19,15,19,18,20,15,21,19,18,16,19,18,14,18,20,17,13,16,18,15,15,16,18,19,20,15,20,20,20,16,15,18,19,20,15,15,18,19,19,17,15,19,16,16,16,17,18,18,18,19,12,17,14,19,20,17,13,18,14,20,17,18,14,19,17,14,16,20,16,20,14,16,16,16,20,18,17,16,16,14,13,14,14,20,21,15,19,19,14,16,19,14,19,16,21,18,18,19,15,20,20,20,16,15,19,20,18,20,19,16,16,17,16,16,19,13,19,14,19,20,19,19,19,20,14,15,16,19,16,15,14,14,17,19,17,18,13,16,19,19,17,17,18,13,19,13,14,15,20,16,14,16,16,16,16,15,20,16,15,18,15,20,14,20,16,18,14,18,16,16,19,18,15,20,19,18,18,15,15,16,15,19,15,20,16,17,17,13,19,20,14,18,16,18,15,14,18,15,20,19,17,18,14,19,16,17,18,18,17,14,18,18,19,19,19,14,16,19,16,16,18,18,18,15,20,14,16,20
191,165,132,109,96,77,70,59,53,46,42,37,27,29,29,23,26,21,19,23,19,20,18,18,22,17,18,23,23,18,15,19,17,18,17,17,20,16,20,20,16,20,15,19,20,19,15,19,19,19,16,15,16,16,15,20,16,14,16,17,16,18,18,14,19,16,20,16,16,20,20,16,19,15,20,16,20,19,19,17,16,16,17,17,13,18,18,17,17,18,17,14,19,18,15,17,20,18,14,16,18,16,19,14,15,17,20,14,20,19,19,16,18,14,15,17,19,18,13,19,14,20,17,17,18,17,15,19,15,15,16,21,21,19,13,18,18,19,16,19,17,16,13,14,19,16,19,15,15,16,16,16,18,19,14,20,15,16,20,18,16,15,16,19,16,15,20,16,17,14,15,19,14,19,18,18,14,19,15,19,19,15,14,19,16,19,16,14,14,17,21,16,14,19,19,15,19,18,14,20,16,19,14,20,19,15,17,16,15,20,16,18,15,16,16,16,19,15,15,17,16,16,18,19,16,18,18,19,15,15,16,17,19,14,15,20,21,15,16,19,17,19,15,19,19,16,15,20,17,20,16,19,19,19,15,20
195,163,134,113,90,82,66,56,48,47,38,38,34,25,23,23,27,21,23,20,16,18,17,21,15,20,17,19,19,14,20,20,20,14,16,19,20,19,15,16,16,19,16,15,18,15,20,15,19,15,19,20,20,14,19,20,16,16,15,19,14,20,19,18,18,14,19,17,20,15,17,16,20,16,14,16,21,20,19,17,15,15,16,15,19,19,19,17,14,15,16,16,16,20,18,19,15,17,14,15,15,21,15,20,16,15,20,15,16,16,16,17,20,18,18,15,16,20,18,18,14,16,19,14,19,19,15,16,21,16,20,14,14,20,20,18,16,18,18,20,15,15,16,20,16,20,18,18,19,15,16,19,15,17,16,17,14,14,20,19,16,18,17,13,19,14,15,19,19,16,20,17,15,16,19,18,15,12,17,17,14,17,13,19,15,15,16,15,16,18,16,14,18,15,15,20,18,15,16,18,16,14,19,16,19,16,14,19,19,15,16,15,18,19,16,15,20,19,19,19,18,14,15,18,21,16,14,16,16,16,16,19,17,17,17,13,17,13,18,19,17,18,13,19,15,19,14,14,16,19,16,20,18,15,16,20
192,163,133,114,92,83,69,54,51,44,40,36,32,24,27,24,24,18,20,20,18,22,21,21,20,16,20,15,16,16,18,16,16,20,16,20,16,18,14,16,20,19,15,15,19,16,19,15,16,15,20,16,18,15,16,19,20,17,13,18,18,14,15,19,19,18,14,18,18,17,19,19,17,13,15,18,19,13,14,16,16,16,13,18,13,19,19,17,16,13,16,18,17,13,18,18,15,15,19,16,20,16,14,20,15,20,20,16,14,17,16,15,16,18,15,16,19,18,18,18,14,19,14,16,16,18,20,15,15,16,17,19,16,15,16,17,21,19,19,16,16,18,19,15,19,16,20,19,19,19,19,18,13,18,17,18,14,19,18,17,13,15,18,14,16,15,20,19,17,20,19,14,18,16,17,17,16,11,16,16,17,17,16,12,13,15,19,19,17,13,18,19,13,13,14,16,16,19,18,14,19,14,19,13,16,16,15,16,17,20,20,16,16,12,18,17,18,12,18,13,16,15,16,13,19,19,15,19,14,15,20,16,18,17,13,19,14,18,18,14,16,16,18,17,14,15,15,16,18,20,19,19,14,18,19,14
195,164,132,111,98,81,69,56,50,44,42,32,33,27,29,27,22,23,24,19,23,23,22,22,18,19,19,21,22,22,22,21,18,20,18,19,22,18,21,22,22,17,18,22,22,21,21,20,19,20,18,19,19,15,16,17,20,16,21,16,15,15,22,21,16,19,16,20,19,20,17,15,20,16,20,20,19,19,18,15,20,15,21,20,17,19,16,19,19,20,16,21,16,16,17,16,20,15,20,17,16,16,20,20,20,19,18,20,16,20,19,15,21,16,20,19,19,19,14,20,16,20,15,17,21,19,16,20,18,15,16,21,16,18,13,16,19,15,20,19,15,16,15,17,16,16,14,16,16,19,16,16,16,20,20,15,20,19,16,20,19,19,15,18,16,20,19,15,16,20,20,15,22,16,16,20,20,19,15,19,16,18,20,16,20,19,19,16,20,18,16,20,15,15,17,17,20,16,16,19,19,16,19,16,19,19,16,20,18,16,14,21,17,16,20,20,19,16,19,16,18,19,17,16,18,14,15,18,20,16,20,19,15,20,19,19,19,20,15,19,19,14,17,20,19,19,14,16,19,20,16,18,15,17,16,17
197,165,133,114,94,83,67,62,52,42,43,37,34,27,21,23,26,21,20,18,19,19,19,21,20,16,16,16,16,19,18,14,17,20,19,16,16,15,17,14,20,19,16,19,14,15,17,16,18,18,19,16,19,18,18,20,16,15,16,20,16,16,20,14,14,16,16,19,16,17,13,14,16,18,18,15,17,16,19,20,18,19,16,16,14,17,14,17,19,14,15,18,18,18,19,20,20,20,18,15,16,16,20,15,15,18,17,20,17,14,16,16,16,19,15,17,20,20,18,17,14,16,16,15,16,16,20,16,20,17,16,16,14,16,20,20,16,15,16,16,17,16,19,15,19,14,15,17,16,19,18,15,20,17,17,19,16,12,16,14,18,17,17,12,16,17,13,15,18,16,12,14,19,17,14,20,19,16,17,13,14,15,21,18,19,19,19,19,17,16,16,15,13,15,18,19,18,18,13,16,17,18,13,17,16,12,19,18,16,12,13,18,16,17,16,16,18,13,18,13,14,15,21,14,16,20,16,16,14,19,17,17,15,14,18,18,19,15,14,19,16,19,19,13,18,19,19,16,14,15,21,16,16,18,18,18
192,162,133,115,92,82,69,56,50,43,39,37,33,26,30,28,27,25,23,23,19,19,22,19,20,20,16,20,18,19,14,15,20,19,16,18,20,18,17,14,16,15,17,17,17,14,19,20,14,19,17,16,19,14,15,21,16,16,16,16,15,20,16,14,16,16,19,16,13,14,19,15,20,15,21,16,19,19,15,15,17,20,15,15,17,21,15,16,16,19,16,16,16,19,15,19,21,19,18,19,19,18,14,17,18,18,19,20,18,18,18,17,18,16,13,18,14,15,15,17,21,20,19,17,17,18,14,15,17,19,14,14,19,15,17,15,19,18,18,13,15,21,16,15,17,16,19,19,18,15,19,20,19,18,15,19,15,15,16,16,16,20,18,18,18,15,20,19,14,15,16,16,16,14,20,16,20,21,19,16,18,18,18,18,15,19,15,17,18,19,16,19,19,17,16,13,15,15,19,18,15,20,18,12,17,17,13,15,14,19,19,15,16,16,20,16,16,16,15,21,20,16,20,15,14,16,16,19,19,16,15,20,19,14,20,18,19,15,16,15,16,16,15,19,15,16,20,20,16,15,17,17,16,17,17,13
194,159,133,111,94,85,72,62,54,41,38,38,31,28,26,30,29,23,22,25,20,19,19,22,20,21,17,20,16,15,17,16,16,19,19,18,19,15,15,19,16,19,16,15,19,19,16,16,13,14,19,19,16,15,18,15,21,16,16,18,15,17,20,19,18,15,20,19,18,17,14,14,16,19,16,16,20,18,15,16,16,20,19,15,15,21,20,16,19,18,16,19,16,19,16,13,16,15,16,15,22,15,21,16,20,20,17,16,16,19,15,17,17,17,16,19,19,15,17,20,19,19,19,19,18,14,15,19,18,15,18,19,17,15,19,17,14,16,16,20,14,16,13,16,13,18,18,18,16,13,15,20,16,19,15,17,20,15,20,18,19,16,14,20,18,16,16,20,19,14,19,19,15,16,19,15,16,16,20,14,16,20,16,15,16,20,19,15,16,16,19,14,16,17,18,16,16,19,15,18,18,18,18,15,15,16,16,16,20,19,16,16,16,20,18,19,16,19,14,18,19,16,19,14,18,19,16,18,18,15,20,15,16,15,18,14,19,15,17,16,16,17,16,17,15,15,20,16,19,13,18,16,15,19,14,19
192,160,132,113,95,81,67,62,49,42,42,34,35,29,26,26,27,26,25,23,19,19,19,23,22,22,22,18,18,19,18,18,22,20,22,21,20,16,18,19,16,19,19,16,20,15,16,20,16,16,19,19,14,21,20,19,16,16,20,16,15,19,16,20,16,18,15,21,20,19,19,14,20,15,22,16,16,20,16,21,16,19,16,15,21,17,15,21,21,16,16,15,16,20,19,15,16,16,16,20,20,15,21,20,19,15,20,19,16,18,20,19,19,15,20,15,16,15,21,17,18,21,21,21,21,16,16,20,16,20,16,15,20,14,16,20,17,14,19,14,16,18,16,18,16,17,13,17,14,19,15,19,19,19,19,16,16,20,19,16,15,20,20,17,16,20,19,19,16,19,17,16,17,17,20,16,16,16,17,17,20,17,17,21,22,19,20,16,17,17,21,16,20,16,17,19,19,15,21,20,19,19,18,16,19,16,14,20,20,16,16,19,16,20,18,19,18,16,20,16,16,19,20,16,19,16,19,16,16,16,20,20,19,19,15,17,17,21,19,16,20,20,20,17,16,15,16,17,17,19,21,19,16,20,16,16
194,163,137,116,98,80,67,61,52,42,38,38,32,29,27,27,25,20,19,19,23,18,20,15,20,16,21,15,14,21,16,16,15,19,16,20,16,18,14,19,16,17,19,18,14,15,17,19,15,20,16,16,19,15,20,16,19,18,13,19,19,16,13,18,15,20,19,15,18,18,18,19,17,13,18,19,15,15,20,19,19,17,13,15,16,16,16,15,20,15,20,16,14,21,16,15,18,19,14,17,21,19,18,17,18,14,20,14,19,18,15,20,19,18,14,16,16,14,15,20,20,16,15,19,15,17,17,16,16,15,17,15,15,19,15,16,18,14,16,20,19,19,19,15,16,20,15,20,19,18,19,20,18,17,13,19,16,16,13,14,19,15,14,14,16,19,16,18,19,20,19,19,13,14,15,21,17,15,19,15,21,21,14,16,14,20,16,15,20,20,20,16,14,18,15,20,20,18,18,14,16,16,14,19,19,18,16,17,13,19,18,15,14,17,15,16,19,18,18,14,16,20,14,20,20,16,19,18,18,18,13,16,13,15,18,14,16,15,19,19,16,19,18,17,18,14,19,13,15,18,14,16,18,13,18,14
