202,168,140,115,101,83,72,62,51,48,40,36,28,31,25,23,22,25,21,21,19,23,21,17,18,21,21,16,15,21,20,16,20,15,18,20,19,19,13,19,17,18,14,20,19,19,16,18,16,14,17,20,16,16,14,16,16,16,16,19,19,19,15,15,16,18,16,17,16,21,21,21,17,16,16,20,16,17,20,18,16,19,13,18,18,19,20,16,18,17,16,20,17,18,20,19,19,16,16,20,20,20,20,14,20,17,21,21,20,16,16,19,16,18,19,15,18,16,18,16,19,17,17,19,19,16,20,15,20,16,16,16,17,17,19,14,18,18,19,15,18,16,15,19,20,15,16,18,19,19,16,16,18,17,14,20,16,14,20,19,15,19,20,18,16,16,16,19,15,19,18,17,19,16,18,22,21,23,16,18,22,18,21,21,18,18,22,21,16,17,21,21,21,17,21,16,20,19,15,21,17,17,21,16,16,21,21,20,16,20,16,20,18,18,16,19,19,15,20,16,20,16,20,18,19,19,15,16,20,18,16,18,18,19,19,19,16,18,15,19,16,20,14,19,16,20,19,19,13,19,19,17,14,12,14,16
204,171,139,120,100,80,73,59,53,42,38,36,32,28,27,29,27,24,25,24,23,18,22,20,21,17,21,17,19,16,16,16,15,20,20,16,18,16,19,17,17,20,19,16,19,16,15,22,20,19,19,19,20,14,20,15,20,20,17,16,17,17,20,16,20,16,20,20,21,17,17,17,22,16,21,22,17,21,16,19,21,20,21,21,20,21,21,20,21,20,19,20,16,17,16,21,22,22,16,20,19,16,20,17,17,21,16,20,16,20,20,19,16,18,16,16,19,15,17,16,16,16,18,16,16,20,19,15,19,19,16,19,18,14,16,19,19,18,17,17,16,16,16,16,16,14,12,14,20,20,19,19,19,19,14,16,21,17,17,16,18,21,18,17,18,21,21,21,21,16,16,16,16,19,20,20,18,22,18,17,23,17,20,18,21,17,19,18,18,18,22,19,19,19,19,21,22,18,19,23,19,19,18,18,22,20,18,18,19,18,19,18,22,22,21,20,20,16,20,15,21,19,20,19,18,15,16,18,16,16,16,17,21,21,16,16,19,15,16,16,19,20,19,15,19,20,19,16,18,19,20,17,19,18,14,17
204,167,139,121,101,85,68,59,55,49,42,39,34,32,24,27,26,21,21,24,18,23,23,22,18,22,22,17,22,20,20,18,18,18,18,19,19,19,17,18,19,19,19,16,20,18,14,21,21,17,17,21,19,17,20,20,16,16,17,21,21,17,19,20,19,18,22,22,21,19,20,18,23,18,20,22,17,16,20,17,22,22,19,18,19,20,18,23,19,19,23,21,22,17,22,21,18,22,18,16,17,18,22,20,21,20,21,18,20,20,20,15,17,16,21,15,21,20,16,19,15,20,16,18,16,20,16,15,19,16,16,16,19,13,15,20,21,20,18,16,13,19,15,17,16,19,19,19,16,18,19,15,15,17,20,20,16,17,21,17,21,17,17,20,17,21,17,18,17,22,19,18,23,19,23,17,17,23,21,22,18,22,18,21,21,19,18,19,22,20,17,22,21,21,17,21,21,17,19,19,16,20,16,20,16,15,21,17,20,20,16,16,20,16,16,19,17,19,16,19,19,20,15,16,16,16,16,15,16,17,17,16,17,20,17,18,21,18,18,22,20,17,20,17,16,20,15,18,21,18,17,21,20,20,20,20
203,167,139,117,101,84,73,59,55,43,41,38,32,32,28,27,24,23,24,22,19,21,22,23,18,23,19,19,21,17,17,21,21,18,19,19,16,16,20,16,17,16,16,20,16,17,21,16,16,16,17,17,18,18,21,18,24,21,17,22,23,18,22,19,21,19,24,18,18,20,22,19,23,22,23,23,21,22,17,19,19,22,19,22,19,18,22,18,22,23,20,20,20,16,20,20,20,16,15,16,20,20,20,16,16,19,19,15,18,21,17,16,20,19,19,15,17,18,17,17,18,17,20,20,20,15,19,18,19,19,20,16,13,19,19,19,16,18,18,14,14,19,20,20,20,18,15,16,16,20,20,16,16,15,19,17,17,17,18,20,20,21,20,17,17,19,18,22,22,18,23,22,18,20,22,19,19,23,19,23,22,19,23,21,17,22,16,17,19,16,16,21,20,16,21,17,20,19,15,20,20,20,16,19,16,16,19,18,15,19,20,14,21,21,19,20,19,19,14,20,15,16,16,21,16,19,18,16,19,15,16,16,15,16,16,20,21,17,16,16,21,19,16,20,19,16,19,20,16,15,21,21,16,17,19,16
203,167,137,114,95,85,73,60,52,45,40,35,31,28,32,24,23,23,25,20,19,20,24,18,18,21,18,22,17,21,20,15,18,21,17,19,16,20,16,16,19,20,16,16,21,20,17,21,20,16,16,20,17,17,19,14,21,22,15,16,17,20,16,21,20,18,21,17,19,16,16,17,22,21,21,19,16,18,18,18,21,18,18,22,21,21,21,21,21,20,17,13,18,17,18,17,13,18,14,14,17,18,18,21,20,16,20,18,16,21,14,20,16,15,17,16,16,16,18,16,18,20,18,19,18,16,17,18,16,18,17,12,17,18,19,15,15,16,18,15,20,16,16,15,17,18,18,22,21,19,18,21,21,21,20,17,17,20,21,20,16,20,20,15,18,16,18,17,22,19,22,21,20,16,17,22,16,18,20,21,18,16,17,16,17,17,21,16,20,19,15,21,17,20,16,19,19,16,18,16,15,21,16,15,22,17,17,15,18,17,19,20,19,16,15,16,19,16,15,21,19,16,15,14,20,20,19,20,16,19,13,15,21,15,20,20,19,20,15,20,15,16,16,16,19,21,16,20,16,18,18,17,17,18,22,21
200,168,137,112,94,83,67,58,51,48,40,32,29,32,23,25,27,24,18,18,19,24,18,16,17,21,17,20,18,15,17,16,17,16,20,21,20,15,16,21,15,21,21,18,21,21,19,16,18,15,20,16,22,18,19,17,20,17,21,15,17,17,16,21,16,20,20,18,21,21,20,19,16,20,18,20,18,19,15,20,20,19,15,16,20,19,16,15,15,20,20,20,16,14,18,17,19,20,17,15,15,19,16,16,18,18,15,16,19,15,20,16,19,18,12,15,20,15,17,16,18,19,16,17,16,19,15,19,16,19,19,19,16,15,17,19,19,16,20,20,15,16,21,22,20,20,18,18,16,16,20,17,17,20,16,16,18,18,19,16,17,21,19,18,22,17,22,22,21,17,17,21,21,20,15,21,21,16,20,19,14,16,17,16,20,19,20,19,14,19,15,20,16,19,18,19,19,15,18,16,19,15,17,20,16,16,16,20,14,16,20,16,19,18,14,20,16,16,14,19,15,20,17,19,14,20,18,20,21,20,16,20,19,15,20,18,22,17,20,19,20,16,20,14,21,19,16,17,15,17,17,21,16,19,19,19
195,167,135,113,94,85,70,59,54,45,38,37,30,30,28,26,29,27,21,23,21,23,19,23,19,21,23,19,23,23,20,20,20,19,17,21,21,22,19,21,22,18,18,18,21,18,20,21,18,21,22,17,17,22,17,23,18,17,17,18,18,21,21,20,17,22,16,16,17,20,16,20,20,19,19,15,20,14,16,20,16,19,18,14,16,19,19,16,14,16,20,16,18,16,17,14,16,19,16,15,20,16,19,20,18,15,20,20,16,17,13,19,18,15,19,16,14,16,16,20,20,17,15,17,16,19,18,21,17,15,16,21,21,16,16,20,21,20,19,19,16,16,20,18,21,19,16,19,16,21,20,21,19,16,15,18,21,17,16,21,17,21,16,20,15,21,17,17,16,17,20,15,17,20,19,18,20,18,16,16,16,16,19,20,20,16,19,14,16,20,19,16,16,16,16,15,17,16,20,20,20,15,16,16,18,20,16,14,19,20,20,20,14,16,17,20,18,16,15,19,17,16,19,16,21,20,19,19,19,19,16,20,16,16,16,17,20,17,21,17,17,17,21,16,18,23,21,17,17,20,17,17,17,22,21,21
196,164,136,114,93,79,70,59,50,44,40,34,32,34,26,26,28,26,25,24,24,21,22,18,18,19,18,22,20,23,21,18,23,23,18,19,19,23,22,21,17,21,19,22,22,17,18,21,18,21,21,20,17,18,22,18,21,17,21,17,17,21,16,16,19,18,19,20,19,19,19,15,15,16,19,19,16,16,20,19,14,16,20,16,16,18,16,15,20,19,20,18,18,15,19,16,14,18,13,19,16,15,17,15,16,16,16,16,16,19,20,19,15,21,17,18,18,20,15,21,16,18,19,18,18,22,17,17,22,20,18,19,22,17,16,18,19,18,18,19,22,22,18,18,20,19,21,23,20,21,21,21,20,17,18,21,16,20,16,20,20,18,18,19,15,17,16,20,16,19,19,19,18,14,16,19,15,18,19,20,15,16,20,15,21,16,16,19,17,18,18,18,19,14,20,18,15,19,18,16,16,19,18,15,17,16,17,16,16,19,20,16,19,21,16,18,15,19,16,21,16,19,19,18,17,21,16,16,19,17,22,18,20,17,17,16,20,20,19,21,17,16,16,20,20,21,15,17,17,19,22,21,20,20,20,17
197,158,134,115,93,79,70,64,53,45,39,39,32,28,27,26,29,28,26,24,20,19,20,21,20,19,20,24,20,19,20,23,18,23,24,22,19,19,23,19,18,24,22,18,23,21,19,16,17,20,18,17,16,21,17,20,19,17,20,18,20,20,15,16,20,16,16,15,18,16,16,18,16,19,16,18,19,20,19,15,16,20,19,18,18,18,18,19,16,14,19,19,14,16,16,18,19,14,16,16,16,18,20,19,14,17,18,16,19,15,19,19,15,20,16,20,20,16,16,16,16,21,18,15,17,17,21,20,21,17,20,21,21,20,16,20,19,20,17,16,22,16,16,20,17,17,18,20,16,17,19,20,20,16,20,16,16,19,14,20,20,20,19,15,16,15,17,16,16,15,21,17,20,18,18,16,19,15,15,16,16,19,16,14,17,21,17,15,20,19,16,19,18,14,16,20,21,15,17,14,19,16,19,18,17,17,14,18,13,16,21,20,15,15,20,16,16,20,20,17,16,16,19,18,18,18,22,18,21,19,18,20,22,22,20,18,18,17,18,22,18,22,21,21,20,20,17,22,16,21,16,20,16,16,20,16
191,164,132,115,95,78,71,58,51,46,40,39,33,29,26,26,24,23,26,23,23,25,25,19,21,24,22,19,18,22,19,23,22,22,18,22,17,17,20,20,24,20,21,16,20,15,16,24,20,19,19,16,16,19,19,16,15,20,16,20,20,16,15,16,16,15,16,16,21,16,17,16,19,18,15,21,16,19,15,16,16,20,16,20,18,19,16,19,14,16,17,16,19,18,13,17,14,16,16,15,18,16,20,20,19,19,15,21,16,19,15,16,17,20,14,17,19,18,17,17,16,20,21,15,16,19,20,16,17,16,20,17,22,20,16,21,17,20,21,20,16,16,16,15,20,16,16,20,15,16,19,16,20,20,14,16,20,16,15,16,17,20,20,18,14,19,18,16,16,18,15,16,18,16,16,16,16,19,18,17,18,18,14,19,15,19,16,17,19,14,15,17,21,21,19,16,19,14,20,19,17,16,15,20,19,16,16,16,18,18,16,20,19,21,19,16,17,20,13,16,21,18,20,16,19,16,16,19,16,20,16,16,16,19,16,22,20,17,16,18,20,20,17,20,17,17,21,17,15,22,20,19,19,15,16,17
191,161,137,114,98,82,66,62,53,45,39,38,36,30,29,28,26,28,28,23,25,21,21,19,24,20,19,20,20,23,19,22,23,19,19,18,19,19,18,18,22,19,18,17,17,17,17,20,16,16,16,20,16,14,16,16,17,15,21,14,16,16,17,22,19,20,18,14,19,16,16,19,18,15,19,17,16,15,15,20,16,17,20,17,16,16,19,17,20,19,19,16,19,14,20,19,21,19,18,17,18,18,15,20,20,17,19,16,19,17,20,17,21,18,19,19,19,20,18,16,14,21,21,17,20,20,19,16,16,15,22,18,16,20,16,21,20,16,21,18,18,21,17,21,17,17,17,21,16,19,20,21,16,15,19,15,18,20,15,21,16,22,20,15,20,17,17,16,19,20,16,19,16,15,21,20,16,20,19,16,19,19,15,16,16,20,16,15,17,20,15,16,16,15,21,21,21,16,15,17,21,17,21,20,20,16,20,16,20,20,21,20,19,16,17,21,16,21,16,19,17,20,20,16,16,21,16,18,21,17,17,19,21,18,21,21,21,20,19,20,16,19,20,20,16,16,16,21,20,16,17,17,20,19,19,16
192,162,138,112,95,81,69,65,56,48,38,35,32,32,29,29,22,23,22,24,25,20,24,20,22,22,19,20,19,19,22,22,20,18,23,22,21,21,16,20,20,20,21,16,16,16,19,19,16,16,20,18,18,15,21,19,21,18,14,20,18,20,19,16,14,17,14,19,17,16,16,18,15,20,19,20,18,14,17,21,17,21,16,16,21,18,16,20,16,16,17,19,18,16,16,17,17,16,17,18,20,22,17,21,19,18,17,17,22,19,22,18,17,21,22,20,16,22,20,21,21,16,16,17,22,19,17,20,16,17,21,17,21,19,19,20,16,14,17,16,16,19,19,20,18,16,19,18,18,18,18,18,19,14,14,14,20,20,18,16,19,15,19,15,16,16,19,20,16,19,18,19,16,19,14,18,16,20,17,17,15,20,14,20,15,20,18,16,15,16,17,17,16,20,16,20,19,19,16,15,19,22,17,20,18,17,19,16,15,16,14,19,21,21,16,20,20,20,16,15,18,21,19,20,19,16,16,20,17,16,16,16,21,19,16,19,19,17,19,15,19,16,16,20,14,19,16,16,16,16,19,20,19,15,16,18
194,164,135,114,100,80,71,60,53,44,40,39,35,29,32,28,23,26,22,26,20,22,21,23,22,23,17,21,17,21,20,20,15,18,18,21,17,17,21,18,19,19,15,16,16,15,17,20,20,20,19,16,18,16,18,20,19,20,18,14,15,18,18,17,19,16,15,16,16,20,19,14,19,19,15,21,15,17,18,20,17,17,21,17,17,20,20,19,20,14,16,18,18,22,16,22,21,18,18,21,17,20,21,20,19,20,16,20,20,17,16,19,16,16,16,16,20,20,17,20,17,16,21,19,20,16,17,20,19,18,17,14,20,16,20,19,16,16,15,21,20,16,15,16,16,16,20,16,20,14,16,20,20,20,17,18,14,16,19,18,19,19,14,15,16,20,19,15,18,13,16,20,15,19,14,16,21,17,17,15,21,19,19,15,20,16,16,17,20,17,17,20,16,16,15,18,19,20,17,21,20,22,22,22,17,17,17,21,20,17,19,19,20,16,20,20,20,15,20,18,15,22,18,21,20,20,19,19,18,15,16,16,16,16,16,16,20,20,15,16,16,20,16,17,16,15,16,16,20,16,20,15,20,17,18,19
197,166,138,119,97,82,71,61,53,51,42,36,35,32,31,30,28,23,22,26,22,20,22,21,25,20,20,23,18,23,18,18,22,22,19,18,17,22,18,21,21,20,16,21,15,18,17,16,19,21,19,17,15,20,15,16,16,16,19,20,19,16,20,19,19,19,14,17,17,17,20,20,19,16,19,16,19,17,20,20,18,16,20,15,21,18,17,22,22,17,17,17,18,23,18,22,22,18,19,18,24,22,22,22,21,21,18,22,19,18,17,22,23,23,22,21,21,21,17,16,20,20,16,19,14,21,17,20,19,16,19,14,15,16,16,16,21,20,14,20,19,16,15,20,16,15,17,17,17,16,19,19,15,17,19,16,20,16,14,21,18,16,17,21,16,16,16,16,16,17,17,16,20,20,16,16,18,16,20,16,20,16,16,17,16,17,17,17,18,17,19,22,18,18,21,20,22,18,24,22,16,21,18,18,21,22,19,22,20,17,21,22,22,18,20,21,21,21,16,16,20,18,16,16,21,21,16,19,19,16,16,16,16,18,20,16,16,16,18,16,19,17,19,15,16,19,17,18,19,19,19,15,19,16,20,19
198,170,137,119,100,85,70,60,54,46,41,38,38,33,28,26,25,27,26,22,25,25,23,23,18,22,18,20,23,21,18,21,17,16,21,21,19,19,19,15,19,20,14,20,15,17,16,16,19,22,15,21,20,17,19,16,21,19,20,20,19,20,18,16,20,16,16,16,16,20,16,20,15,16,18,18,22,19,23,20,18,24,18,23,19,18,18,21,23,19,22,19,23,22,19,18,22,19,19,22,23,17,23,19,20,21,21,20,17,17,22,17,21,21,17,16,17,20,21,21,20,19,15,17,21,16,19,16,17,16,15,20,17,20,20,18,19,19,15,19,18,14,16,18,16,18,16,20,17,14,20,20,19,20,16,15,20,16,20,18,17,20,16,19,17,18,18,15,16,17,19,15,20,14,18,21,19,18,22,18,23,24,22,19,22,17,18,22,18,18,19,22,19,20,23,19,23,22,23,19,21,20,21,18,21,21,21,22,17,17,17,17,20,20,20,16,16,20,17,20,19,15,21,17,20,16,16,16,20,16,20,16,19,19,20,18,16,16,17,18,19,14,19,20,19,19,18,16,16,14,19,20,19,19,18,17
203,171,138,115,99,84,71,59,51,44,43,38,31,34,30,28,22,23,23,22,23,24,21,18,18,22,17,16,21,16,17,16,15,20,16,16,18,18,16,19,19,16,13,18,20,16,17,14,18,20,16,19,20,19,19,16,19,15,17,19,19,14,15,20,20,20,19,20,17,20,16,18,21,20,17,22,19,15,20,21,22,18,17,18,18,18,19,18,23,19,18,21,17,18,22,19,17,21,17,17,21,20,20,16,20,19,14,20,19,16,16,15,16,20,20,20,15,20,18,19,16,19,19,19,19,15,18,16,18,13,18,19,14,16,18,19,19,19,17,16,16,15,17,13,14,18,18,16,21,20,16,19,16,14,21,16,16,20,16,16,16,16,19,16,19,21,15,21,20,16,17,16,20,20,17,20,18,17,17,22,21,16,20,17,16,20,16,18,17,18,18,22,23,18,18,22,20,22,18,21,17,21,17,17,17,21,15,18,16,20,17,19,16,20,16,19,18,18,14,19,16,16,20,16,18,18,19,16,16,18,19,18,18,18,16,15,19,18,18,19,16,14,18,16,15,21,20,20,17,18,19,15,16,20,20,19
200,167,143,116,100,85,72,63,49,47,38,37,34,27,30,23,23,22,22,26,20,20,18,19,19,18,18,18,21,16,15,21,20,19,20,15,15,21,17,18,21,21,20,20,20,16,16,17,19,15,16,14,16,19,16,18,14,16,20,20,16,19,16,16,20,15,16,17,16,16,20,15,21,17,21,16,16,22,21,20,20,19,20,16,20,19,19,19,17,16,16,15,20,20,21,16,14,20,16,16,16,19,20,20,20,19,19,15,16,16,19,20,16,16,19,15,16,20,20,14,17,16,20,18,21,19,19,17,19,16,16,15,16,19,15,20,16,20,19,20,14,19,16,16,16,19,14,20,15,18,16,20,20,20,16,17,14,19,20,16,17,18,19,18,16,20,18,19,20,15,19,17,21,17,20,20,16,19,17,16,18,15,16,20,19,16,19,17,20,16,16,16,21,21,20,21,19,16,19,15,17,15,20,17,20,16,16,17,17,17,15,16,16,21,20,16,19,17,19,15,19,19,19,17,15,13,16,20,19,19,19,18,19,18,18,17,17,16,16,17,14,19,16,16,14,14,19,20,14,20,19,16,19,19,19,18
197,166,142,116,100,85,69,63,50,46,40,38,32,32,24,28,26,26,23,24,22,21,17,21,17,18,19,16,19,14,21,21,19,19,18,15,20,16,16,18,17,17,20,16,20,18,16,16,15,21,21,20,20,15,22,17,16,19,19,21,17,16,16,16,16,22,17,21,17,20,18,20,17,20,20,17,16,21,16,16,20,20,20,16,15,21,17,18,21,22,20,16,20,19,19,20,20,19,15,20,16,20,16,15,17,17,20,16,18,16,16,16,16,19,15,21,15,20,16,17,20,16,16,18,20,19,19,14,16,16,20,16,20,19,19,16,16,16,18,16,19,19,16,15,20,16,17,17,16,18,21,16,17,21,18,17,18,18,20,17,18,20,17,16,21,16,20,20,15,18,19,17,22,18,18,18,22,22,18,23,18,22,22,21,22,17,22,22,17,21,20,20,21,16,17,21,20,20,16,20,20,19,15,16,16,16,20,17,14,17,16,19,19,16,16,16,20,16,15,18,18,17,19,20,16,15,21,21,20,16,18,16,16,20,16,15,20,17,16,20,15,16,16,17,20,16,20,20,14,19,16,16,20,17,17,18
200,166,141,117,99,79,68,58,52,44,40,40,34,28,31,30,27,22,25,21,20,23,22,22,19,22,18,18,22,22,21,21,18,17,20,17,17,20,17,16,19,21,21,21,16,17,17,18,18,17,18,19,23,23,22,18,17,21,22,22,22,18,19,23,22,18,22,19,22,19,18,22,18,22,19,19,19,22,18,18,23,22,18,23,22,18,17,18,22,21,22,18,17,17,17,16,17,20,16,16,20,16,15,20,19,20,20,18,18,19,16,19,15,20,17,15,19,15,18,21,19,15,15,21,16,16,15,17,17,18,17,21,19,20,16,16,19,18,15,17,16,16,20,21,21,20,20,20,16,20,18,21,15,22,17,17,16,21,22,17,18,18,18,18,19,22,19,19,22,19,20,22,19,19,20,18,22,18,23,18,22,22,22,17,20,20,20,17,20,16,19,16,19,16,16,19,20,16,20,18,15,21,16,19,16,15,17,17,22,18,20,17,16,16,20,16,16,18,16,20,16,20,17,20,19,19,17,16,16,19,20,19,19,16,19,19,15,16,16,19,20,19,20,18,18,16,20,20,19,16,15,17,18,19,20,16
198,169,141,113,99,79,68,64,54,47,38,36,35,32,25,28,26,25,20,19,20,20,24,17,22,21,17,22,22,17,21,16,20,21,18,21,21,20,17,20,18,21,18,21,18,19,17,22,19,18,22,18,23,19,18,18,22,18,23,23,18,18,23,19,19,20,18,19,19,20,19,23,22,19,18,22,18,19,23,18,17,18,18,19,19,18,22,18,18,22,21,20,16,20,16,20,19,18,16,16,16,19,18,19,17,16,16,16,20,18,16,18,21,21,20,16,20,19,20,17,16,15,15,21,16,18,17,19,20,16,19,19,19,15,16,20,20,15,17,20,20,19,16,16,16,19,17,21,18,21,19,17,17,19,22,21,21,17,20,17,20,21,20,16,19,15,21,17,16,16,20,21,16,21,18,16,16,20,20,19,15,20,19,20,19,19,15,16,20,15,17,17,20,19,15,19,19,18,20,18,15,20,16,18,19,15,20,19,20,18,15,20,19,16,15,16,20,20,21,18,18,19,18,16,15,16,16,20,19,16,16,20,19,15,19,16,16,20,16,19,20,17,16,19,16,14,18,21,21,17,21,17,21,21,17,16
199,168,138,116,96,81,71,58,53,43,42,36,33,30,30,24,24,23,24,21,21,23,22,22,18,22,21,19,17,22,21,20,16,21,21,18,21,19,20,20,16,17,16,21,16,18,18,18,18,24,21,18,21,18,18,22,19,18,22,20,19,23,21,16,16,22,21,20,20,15,17,21,15,17,16,16,20,16,16,16,21,20,16,19,16,20,18,14,16,15,16,20,20,17,17,19,16,14,16,16,19,15,19,20,19,19,19,15,19,16,19,13,16,20,20,19,16,15,19,16,19,16,19,16,16,20,14,20,16,19,18,16,16,16,17,17,17,16,22,21,20,20,16,18,20,22,15,18,17,21,22,21,21,18,18,18,21,20,22,17,21,17,19,20,16,19,15,21,16,16,16,18,16,19,20,20,18,15,20,16,19,15,16,16,17,18,20,16,15,21,15,20,20,16,21,19,15,19,16,17,20,16,19,19,19,14,19,20,15,19,15,20,20,16,20,19,15,16,16,21,19,19,19,19,19,18,19,15,16,19,16,19,15,20,20,16,15,20,15,16,22,20,19,21,16,16,19,20,21,16,21,20,20,21,20,16
194,161,139,115,93,80,71,58,56,42,38,33,34,31,32,27,23,25,24,19,21,23,20,19,23,18,19,23,22,18,22,23,21,20,17,18,20,18,23,19,18,19,22,21,20,16,21,17,17,22,18,22,22,20,16,22,17,17,21,17,20,20,17,19,17,20,16,19,19,16,16,15,18,17,18,17,22,20,18,21,16,16,16,16,20,16,19,17,16,16,20,21,19,15,17,18,16,15,17,20,20,15,17,18,17,16,18,17,17,20,20,17,16,15,20,16,21,16,21,21,20,20,20,19,20,19,16,15,20,19,15,17,22,22,21,17,20,16,17,20,16,19,21,18,20,19,20,21,21,20,16,19,17,16,17,20,16,16,17,19,21,16,21,16,19,19,16,20,16,19,20,19,18,20,16,16,19,20,19,16,20,18,16,18,15,19,19,15,16,22,19,20,18,18,19,19,15,20,16,16,15,16,16,20,19,18,14,20,19,17,19,20,14,19,16,16,17,22,17,21,20,21,21,17,20,20,16,17,16,20,16,21,21,16,16,16,16,16,20,19,17,19,17,20,16,21,21,19,20,19,16,20,16,16,17,16
197,166,136,111,93,80,69,63,50,44,39,40,31,31,27,26,27,27,24,21,20,23,22,23,23,21,17,22,21,22,17,21,19,17,21,22,21,22,18,17,18,21,21,17,22,18,17,22,17,22,18,21,18,21,17,21,20,20,15,16,17,18,18,19,19,20,15,20,19,16,18,18,18,18,14,15,17,16,20,18,14,17,16,19,15,17,20,15,16,18,20,16,16,20,19,19,19,16,18,19,19,17,13,18,15,20,15,20,20,19,16,16,20,16,16,19,20,16,15,18,17,17,18,20,20,21,17,22,21,22,21,16,20,17,16,17,16,20,21,20,20,17,17,18,18,21,19,22,22,22,17,18,23,21,19,17,21,21,20,16,19,16,20,19,19,15,20,20,19,16,19,19,16,17,15,20,16,16,19,20,18,20,19,15,16,20,15,21,17,21,21,16,19,15,21,16,17,21,20,16,20,19,19,19,15,16,19,15,16,20,16,16,16,17,20,18,21,17,17,20,20,16,20,20,16,18,18,18,18,20,23,18,19,22,18,22,20,19,18,24,17,19,18,22,22,22,19,17,21,21,18,17,22,21,18,19
196,163,132,111,96,81,66,61,52,43,41,33,30,31,27,29,24,24,22,27,21,26,21,23,24,19,19,18,17,18,22,18,19,18,22,18,19,19,23,22,18,23,22,21,17,21,18,20,15,21,18,21,20,16,20,19,16,16,19,20,19,19,13,14,19,19,16,14,19,20,21,19,14,19,19,19,15,20,14,19,15,16,18,19,16,16,19,18,17,15,19,15,15,18,17,18,21,21,16,16,21,19,17,15,16,16,20,19,14,20,16,19,15,19,16,16,15,21,16,21,20,20,15,20,19,17,20,20,20,16,16,20,20,17,19,16,20,16,19,16,18,15,16,16,17,21,20,22,20,21,21,16,15,16,17,20,16,20,16,16,19,16,16,16,16,17,16,20,15,20,20,19,15,16,20,19,19,18,18,18,14,15,19,17,14,19,19,19,14,19,15,18,20,18,16,20,16,19,18,15,15,16,17,16,15,16,15,18,22,18,21,18,17,17,21,18,21,17,17,17,20,18,21,16,21,17,21,20,17,16,20,20,16,15,17,20,17,17,21,20,16,20,16,19,16,16,16,15,17,17,20,20,19,14,16,20
196,164,132,110,93,81,72,64,55,44,45,38,32,29,27,31,29,27,22,25,19,24,24,19,23,19,22,18,18,19,20,19,19,19,19,20,23,23,19,19,19,23,18,18,22,19,23,22,21,20,20,20,16,16,15,17,19,14,15,21,20,21,19,20,15,21,17,19,16,14,19,16,19,19,20,18,19,19,18,19,20,18,18,17,15,19,21,18,18,14,16,16,15,18,17,17,17,17,17,16,20,17,17,20,19,20,16,20,16,16,17,19,21,21,20,19,20,16,19,20,17,19,17,20,15,21,20,16,19,21,17,18,17,22,20,19,21,16,19,20,15,16,20,19,19,15,16,15,17,20,16,16,19,16,19,19,19,19,17,14,19,14,17,21,16,20,16,14,20,15,17,20,20,15,17,15,16,17,20,18,14,19,20,16,17,13,19,15,16,16,15,20,20,16,18,19,20,16,19,19,15,19,17,21,19,14,20,20,16,18,16,19,21,17,19,20,16,19,16,15,21,20,15,21,16,20,20,20,16,20,20,20,16,16,16,16,16,20,19,18,19,19,15,17,16,15,21,20,16,15,20,16,20,20,17,14
191,164,132,116,97,77,67,60,54,48,42,35,30,32,27,30,27,27,25,23,23,24,20,19,23,23,22,19,24,19,18,18,19,22,18,19,18,18,22,18,18,22,22,21,20,17,21,21,20,20,19,19,19,19,20,15,16,16,18,16,16,16,20,16,20,18,16,17,17,20,16,14,19,17,15,21,15,20,19,16,19,15,19,16,20,19,16,19,16,16,20,19,19,19,16,19,15,16,20,16,16,20,20,20,21,17,20,17,17,22,18,16,21,20,20,20,19,19,16,19,19,18,20,21,17,21,18,17,20,17,18,19,21,17,19,19,15,20,20,20,19,19,18,18,16,19,19,19,16,15,21,20,20,18,19,19,15,16,16,20,16,16,16,16,17,16,16,18,18,16,15,16,16,19,16,19,18,15,17,17,20,16,20,16,16,17,21,18,20,14,16,20,18,16,16,20,19,20,16,17,21,17,20,16,16,16,16,21,21,18,17,16,21,17,21,16,20,16,20,20,16,20,17,17,21,21,16,19,16,20,15,17,16,17,22,20,16,20,16,16,20,15,17,21,16,19,16,16,20,18,19,15,21,19,20,18
194,167,139,117,93,80,72,64,54,48,38,38,31,29,32,29,27,27,21,26,25,21,19,19,21,23,22,20,23,24,22,21,22,18,22,22,21,20,21,17,18,18,18,23,21,16,21,21,17,17,15,17,16,21,17,16,20,15,21,17,17,20,17,15,19,15,20,17,20,18,15,17,21,20,16,19,16,18,20,20,19,19,15,20,20,18,20,20,19,19,16,19,20,19,17,16,20,22,17,17,21,17,18,21,18,22,18,22,19,22,19,23,18,19,22,19,19,23,23,24,17,17,22,18,22,19,16,21,21,20,16,16,16,20,19,20,16,16,16,15,16,20,19,20,17,19,18,15,19,19,16,15,19,16,16,16,20,20,16,14,20,18,19,19,18,18,18,18,14,17,18,21,16,16,16,17,18,21,17,21,19,19,16,19,19,19,15,20,16,21,19,16,21,20,20,18,16,17,21,21,17,17,17,20,20,20,16,19,20,20,20,20,19,16,17,21,16,21,16,20,16,17,21,16,21,18,17,21,21,20,16,21,20,19,19,19,18,18,19,18,16,19,17,14,19,16,19,17,19,13,19,18,18,19,14,21
196,164,135,118,99,84,69,63,53,45,40,35,32,27,26,28,26,27,26,22,26,21,21,24,19,23,18,21,20,20,21,17,20,18,19,20,19,20,14,16,16,19,19,19,19,19,18,15,15,19,21,19,15,18,18,20,19,19,19,18,13,19,17,19,19,15,16,17,17,20,21,19,19,15,16,16,20,16,16,16,20,20,20,19,20,19,19,21,20,19,16,16,17,21,17,16,20,18,21,20,16,22,17,20,19,17,18,21,21,17,17,17,20,21,17,16,19,16,16,15,18,21,18,18,17,21,21,21,17,18,16,20,17,21,16,19,20,15,19,16,19,18,16,19,16,19,16,16,17,14,21,19,19,18,15,15,18,21,17,20,16,20,20,18,18,15,17,17,22,16,17,20,15,20,16,16,20,19,15,16,17,21,17,16,21,21,21,16,20,16,20,17,20,20,17,23,17,20,16,20,20,16,20,16,17,18,21,17,21,17,18,21,20,20,16,22,20,16,20,21,17,20,16,16,17,20,20,16,16,20,17,20,15,16,16,16,20,20,16,15,17,21,19,20,15,17,16,20,16,16,20,19,19,18,14,19
201,168,135,118,100,80,71,64,51,48,41,38,34,32,25,27,27,25,24,20,18,23,22,18,21,20,17,16,21,20,17,16,15,22,20,15,20,21,21,16,16,19,15,17,19,19,16,16,20,19,19,18,16,18,19,19,20,18,19,18,19,18,20,20,18,14,20,16,20,19,19,19,16,16,17,16,19,19,20,15,20,17,17,21,21,16,17,17,16,17,16,22,18,21,21,17,20,17,21,17,22,21,21,17,16,17,17,21,21,19,16,20,16,21,19,20,16,17,19,16,20,20,20,19,19,19,15,20,15,17,16,16,19,15,20,19,16,17,20,19,20,18,19,15,20,16,20,16,19,17,21,20,15,20,16,16,20,17,16,18,19,15,19,19,16,15,18,17,17,16,21,20,20,15,17,21,16,20,17,16,16,16,21,20,22,22,18,18,17,22,22,22,18,21,18,23,18,22,17,18,19,18,18,19,20,23,22,22,18,19,19,23,23,22,18,18,21,17,22,17,22,20,21,20,20,16,18,16,18,15,21,16,18,20,16,20,16,19,17,16,16,19,16,19,19,16,15,21,19,15,17,16,16,16,19,19
198,167,144,115,97,85,74,59,56,48,38,35,36,29,27,25,24,27,22,25,25,19,23,18,23,23,21,19,18,21,17,18,22,17,17,17,17,17,19,16,20,15,17,20,16,20,16,16,15,18,22,22,17,20,21,20,19,20,20,19,15,21,17,16,19,19,16,16,17,20,17,17,16,17,17,18,18,21,22,22,21,22,18,22,18,19,23,19,19,18,22,23,18,18,23,23,19,19,22,19,22,18,18,23,18,21,23,17,17,21,21,18,20,16,20,16,17,16,20,20,16,16,19,16,16,15,20,15,20,20,21,14,16,21,20,16,19,16,14,16,16,16,18,17,15,20,16,21,16,16,17,16,16,15,17,21,20,16,15,16,20,19,16,15,21,21,17,21,17,15,16,20,17,16,16,16,22,16,20,21,16,16,20,16,19,16,17,17,16,20,20,16,17,17,16,17,21,19,17,16,20,19,20,16,17,21,20,20,20,16,18,19,16,19,16,19,16,20,14,16,20,16,19,19,16,20,15,16,19,19,15,16,21,16,20,19,15,16,20,15,16,17,21,17,17,14,16,19,15,19,18,19,16,18,18,14
199,168,142,116,96,82,74,63,57,44,38,35,32,29,32,28,23,21,26,24,20,20,21,23,22,18,21,18,19,18,19,18,21,21,16,16,17,20,19,19,20,20,15,15,20,20,21,17,21,20,16,20,19,20,20,16,19,20,19,20,19,15,17,16,17,17,18,20,18,22,21,22,22,20,17,22,18,21,18,23,22,22,22,18,18,18,19,22,21,22,18,22,22,18,22,22,19,19,22,18,21,21,17,20,20,17,21,21,18,20,15,17,20,20,15,17,18,18,20,17,17,17,16,19,20,19,17,18,15,15,20,16,15,18,16,16,20,20,19,19,14,16,20,16,16,19,21,14,16,19,16,21,16,16,20,16,20,19,16,21,20,16,17,20,20,16,20,20,19,20,14,21,21,21,16,16,21,19,16,17,16,17,20,20,21,16,16,16,20,19,20,15,22,18,17,20,20,17,17,17,17,20,16,16,16,17,21,20,16,20,16,20,16,17,16,18,17,20,19,19,14,19,16,18,20,16,19,19,16,15,17,17,20,20,20,19,20,18,19,19,17,14,19,20,16,16,14,19,16,19,19,14,19,15,20,21
200,168,138,115,100,84,69,60,55,48,38,38,31,32,27,27,23,27,20,22,20,24,19,19,20,19,21,18,20,18,22,21,16,20,17,20,20,22,19,19,19,16,20,15,17,16,17,20,17,16,16,17,21,16,16,17,17,18,22,18,22,17,18,22,23,23,18,23,21,22,21,17,17,18,21,17,21,20,16,17,18,21,21,18,23,22,17,22,17,18,18,18,19,23,18,20,22,22,21,20,18,18,21,21,21,21,20,16,19,19,20,19,16,17,19,16,15,16,17,17,17,16,20,16,20,15,20,18,20,16,19,19,20,18,20,19,17,14,15,18,19,13,21,20,20,19,16,16,20,20,19,15,17,18,18,21,22,17,21,22,21,17,22,18,19,20,21,21,17,21,16,21,21,18,22,18,19,19,18,22,18,19,23,19,22,23,21,22,18,19,22,22,17,18,22,18,20,18,19,18,22,18,18,18,22,18,21,17,17,17,20,19,16,20,16,15,16,20,20,19,19,15,18,17,19,19,20,16,19,19,15,20,15,16,19,19,19,19,17,19,15,16,16,20,17,16,20,20,16,16,15,18,21,18,21,21
199,167,142,114,97,84,69,63,56,41,38,34,31,29,27,30,27,26,25,24,23,22,21,22,22,16,17,19,21,19,16,14,20,17,20,19,17,20,20,16,16,19,16,16,20,20,18,19,20,20,15,16,21,20,16,17,20,20,15,21,16,20,17,18,21,16,19,20,21,17,21,17,21,20,19,16,19,16,16,20,20,20,17,19,19,16,14,16,16,20,19,15,17,17,20,19,15,20,20,15,15,20,16,16,21,15,18,19,18,16,16,18,20,14,20,15,16,16,16,21,16,14,16,19,20,19,19,13,19,19,14,20,15,16,19,16,19,14,20,16,16,19,19,19,15,20,20,20,16,15,17,19,20,15,18,20,20,19,16,19,20,15,17,19,21,15,19,19,16,19,19,19,18,16,20,18,15,16,16,16,16,16,20,16,20,15,19,20,16,19,15,17,17,20,20,18,15,20,20,19,18,16,18,19,15,17,14,14,21,17,19,15,16,16,21,16,15,16,19,16,15,16,20,16,15,18,19,19,14,16,19,18,15,21,17,14,20,16,21,20,16,17,18,18,18,13,15,17,21,16,19,19,20,19,17,19
195,167,135,114,100,83,72,62,54,43,38,35,30,28,30,29,28,23,24,20,23,21,24,18,22,21,22,21,21,19,17,15,21,22,20,21,21,16,17,20,17,21,17,17,22,21,21,17,20,22,21,17,18,18,18,19,23,19,19,18,23,22,22,23,18,18,19,18,21,19,23,23,20,19,19,18,23,19,18,18,23,20,22,18,18,18,19,22,21,18,21,21,20,20,19,20,20,17,15,18,17,16,20,16,16,16,19,19,19,20,14,21,18,16,16,16,16,20,16,20,16,19,19,14,18,22,17,22,20,18,17,16,18,18,16,19,18,17,16,15,16,16,19,20,15,20,15,21,16,18,21,14,16,18,16,20,19,17,19,16,21,19,14,20,19,18,15,17,21,17,17,16,20,19,18,19,16,20,19,18,17,16,18,16,16,20,16,19,19,19,19,13,18,19,18,18,14,16,19,16,20,17,13,17,18,15,18,17,18,14,14,19,19,15,19,19,19,16,15,20,14,19,16,16,19,18,19,16,16,17,16,14,17,21,17,16,16,16,17,21,20,20,20,20,19,19,15,19,18,15,21,19,17,17,20,20
196,168,139,117,98,79,73,63,51,44,40,37,34,27,27,28,24,22,25,24,23,20,23,23,18,22,21,22,21,17,23,21,22,21,17,20,20,21,21,17,17,17,20,21,17,22,16,21,17,17,21,19,17,21,21,18,21,18,22,20,20,17,22,21,17,18,19,17,22,17,18,18,22,22,17,18,19,22,18,22,18,17,18,18,18,22,22,21,18,22,16,17,19,18,21,16,20,21,16,18,19,15,19,19,18,18,16,20,14,18,15,20,17,21,19,14,20,22,20,19,15,21,18,16,17,20,20,16,16,20,17,20,16,19,16,20,17,20,16,21,16,20,21,21,19,16,21,20,17,20,17,21,17,17,18,17,17,22,18,16,22,19,19,23,21,21,21,16,18,16,16,16,20,16,20,19,16,19,16,20,16,16,21,16,19,16,16,16,20,17,20,15,20,18,20,16,16,16,16,17,16,19,20,16,14,21,19,15,17,19,16,16,19,19,16,16,16,17,15,16,20,19,18,20,16,16,21,20,20,16,16,18,16,21,16,21,21,16,17,20,21,21,17,16,17,21,16,20,17,15,19,21,17,22,21,21
198,163,139,118,94,80,71,62,52,48,41,32,28,31,25,25,24,24,20,20,24,21,22,22,17,22,21,21,19,21,18,17,18,21,21,18,18,19,23,22,18,17,21,21,16,17,17,20,21,20,17,17,16,20,20,16,19,15,17,17,18,20,20,16,20,21,21,19,18,14,20,16,18,19,16,18,19,18,19,15,16,19,19,15,16,17,20,19,18,18,15,19,19,15,19,15,16,16,15,16,18,16,15,19,19,16,15,19,17,17,15,16,15,20,17,17,20,15,19,19,18,15,19,16,19,16,16,16,19,19,16,19,15,21,16,19,17,20,20,16,16,16,20,16,20,20,20,14,15,18,17,17,17,20,19,21,17,16,16,18,20,16,19,18,16,16,19,16,16,15,20,16,15,15,20,16,20,17,19,15,19,16,19,16,16,19,18,16,16,13,15,17,20,19,18,19,15,16,19,15,19,16,18,19,16,16,15,16,15,17,21,19,15,16,20,16,17,20,19,18,15,16,16,16,20,16,20,16,19,16,17,21,20,19,20,21,15,17,20,18,17,20,19,16,19,18,22,17,18,18,23,19,17,18,22,18
197,162,137,114,93,80,69,60,54,47,39,36,32,28,26,26,25,24,27,22,25,25,20,21,24,23,22,21,19,23,19,21,16,22,21,17,17,17,22,18,23,22,18,23,18,22,22,19,19,19,19,22,19,23,20,22,18,18,19,19,19,22,18,21,22,17,22,17,21,21,20,16,19,20,20,19,16,19,20,16,20,16,16,20,20,18,18,19,15,16,16,20,19,16,19,20,19,20,19,18,19,20,15,16,20,15,17,20,16,17,17,17,21,20,16,15,22,18,18,22,21,18,18,18,19,22,18,24,16,22,21,18,18,16,21,17,20,18,20,16,17,17,17,21,17,17,22,18,18,18,18,23,20,22,22,19,21,22,22,20,22,19,18,17,23,22,21,18,16,20,19,16,17,16,20,18,19,19,15,19,15,17,19,17,21,17,20,16,16,19,16,19,18,15,20,15,21,17,20,19,15,17,16,20,19,19,19,19,18,15,21,20,21,16,20,16,20,16,19,20,16,22,18,20,19,20,19,15,21,17,17,22,22,17,21,22,18,20,17,18,18,22,20,18,22,22,21,22,20,17,22,21,18,22,20,18
197,162,132,114,96,81,70,60,48,42,42,34,34,27,28,29,28,23,26,24,22,20,19,23,20,19,23,22,18,23,21,22,20,20,20,16,18,19,19,22,21,22,22,17,17,21,18,16,22,17,18,18,16,17,21,17,20,18,22,21,21,21,20,20,19,16,20,14,15,20,18,21,19,16,16,16,19,19,17,19,15,19,17,15,17,20,16,16,15,21,16,15,20,19,13,17,18,13,17,16,16,20,17,15,15,21,17,18,16,20,17,17,20,20,18,16,21,19,19,20,16,20,16,19,19,15,20,19,16,20,15,19,16,20,17,18,16,17,21,17,17,16,18,18,17,19,18,18,22,22,18,21,22,17,17,17,21,21,16,20,19,20,20,18,19,19,18,16,18,16,15,16,16,15,21,17,17,16,20,19,19,16,14,21,20,16,19,16,18,18,16,15,20,17,16,17,17,16,19,19,20,16,18,19,15,16,20,20,21,16,16,19,15,17,18,21,17,16,17,20,20,20,17,20,16,17,18,20,19,21,17,20,21,20,16,17,16,16,17,18,18,22,18,18,23,19,19,22,19,22,21,21,16,17,17,22
195,160,132,115,96,77,71,61,50,45,37,37,35,28,29,28,23,27,25,23,19,21,21,19,18,19,20,23,23,18,22,23,20,22,16,20,17,16,16,21,17,16,17,20,19,16,16,20,19,15,21,20,16,20,15,18,18,15,16,16,15,18,21,16,16,17,17,17,20,15,16,16,16,16,16,19,20,19,15,19,15,16,14,17,21,20,21,19,19,18,15,19,17,16,15,20,16,16,19,19,18,16,18,15,15,17,20,19,15,20,16,16,20,16,21,16,20,19,20,16,19,20,19,17,13,15,16,16,20,17,21,17,17,17,17,22,18,23,20,16,21,22,20,19,20,19,20,16,15,21,18,17,17,17,20,20,17,16,19,15,20,16,16,20,19,20,18,18,15,16,17,16,21,15,16,20,20,16,19,19,14,19,19,19,19,18,15,20,18,16,15,16,17,16,15,20,20,16,19,20,19,16,19,15,16,16,17,17,17,17,21,20,17,21,20,19,17,20,16,16,16,17,16,17,17,19,20,16,20,20,16,19,16,20,16,17,20,17,20,18,17,20,16,19,17,20,20,16,20,20,19,15,17,20,16,16
192,166,133,114,95,82,67,63,56,44,38,34,35,34,27,28,28,25,24,19,22,22,19,23,23,23,19,19,24,21,17,20,21,21,20,16,20,20,16,20,20,17,16,17,17,17,16,20,19,17,20,20,16,19,20,16,19,15,16,19,19,16,15,20,20,16,16,20,15,20,18,19,18,19,15,16,20,15,19,20,20,20,19,20,15,17,16,16,17,19,20,16,16,16,20,19,20,16,19,19,16,14,18,22,18,22,19,21,21,20,16,21,20,20,16,17,20,16,19,17,20,20,19,19,16,16,20,19,16,21,20,19,19,19,15,17,21,20,16,20,19,20,19,15,18,20,20,15,20,19,16,20,16,19,15,16,20,16,17,17,17,15,18,17,21,16,19,20,19,18,19,15,20,20,19,15,20,16,19,15,22,16,15,19,20,20,16,19,20,18,18,18,17,22,17,20,15,21,16,20,16,16,21,17,16,21,18,18,20,22,17,22,19,22,21,21,23,17,22,21,20,20,16,16,21,21,21,21,16,16,21,16,20,16,19,16,16,20,20,19,19,16,19,19,18,15,19,20,16,16,16,19,15,17,19,20
196,162,133,117,97,81,70,58,55,47,39,35,32,29,30,25,24,24,26,25,24,23,23,23,19,17,21,18,19,22,21,21,18,17,20,17,20,20,21,16,18,20,20,20,20,15,20,16,17,19,16,16,20,19,19,14,20,16,19,16,18,20,19,15,19,19,15,20,19,16,20,16,16,16,16,20,19,20,14,20,19,16,15,21,20,20,19,16,20,16,16,17,16,20,20,19,20,20,16,20,16,17,16,17,17,16,17,21,20,19,16,16,17,17,21,20,20,20,16,21,19,19,15,19,18,17,20,16,20,20,16,17,19,19,19,19,15,20,20,20,16,16,19,19,17,19,15,16,20,16,16,19,16,16,19,15,19,16,16,16,18,19,16,14,21,19,19,16,16,16,19,16,15,16,17,15,16,16,16,21,16,16,15,19,20,19,16,16,20,16,16,20,19,16,16,21,20,19,15,20,16,16,18,21,19,19,19,16,19,19,20,15,20,20,20,20,20,16,20,20,19,16,16,19,17,16,16,16,16,21,17,21,17,20,19,16,19,20,20,16,19,19,18,15,16,15,16,16,15,21,20,20,19,18,15,16
194,162,139,113,95,83,74,61,54,45,41,42,32,34,27,30,29,27,22,22,23,26,22,24,24,19,22,22,18,19,19,23,23,18,22,18,18,22,18,18,18,23,19,17,19,22,22,17,18,21,18,21,20,16,17,16,20,20,19,19,15,17,17,17,19,14,19,16,21,20,17,16,19,16,16,17,20,19,19,19,14,20,21,17,16,16,16,17,17,21,22,20,21,17,16,17,21,18,21,16,22,21,23,22,20,21,17,20,20,20,19,20,19,21,20,19,16,16,20,20,19,19,16,16,19,20,19,16,19,19,19,16,19,15,15,20,16,20,16,20,14,20,19,19,15,19,16,15,20,19,18,18,15,19,15,18,16,16,19,15,16,15,16,15,20,16,16,20,19,20,19,16,16,18,19,16,19,19,18,16,14,16,17,18,16,16,20,18,20,16,21,20,16,17,20,17,17,16,17,17,17,16,20,20,15,16,20,21,20,17,20,16,16,20,17,20,20,16,21,18,20,16,20,16,16,16,18,21,21,21,16,19,15,16,16,15,20,17,20,19,19,15,16,20,16,18,17,14,19,19,18,14,16,20,18,19
194,167,136,114,95,82,69,65,56,46,41,40,35,32,29,23,25,26,22,21,24,20,20,23,20,23,22,18,22,18,18,19,19,22,22,20,16,21,16,20,19,16,16,16,20,19,16,19,16,16,20,14,20,16,16,19,16,20,16,20,19,18,18,18,20,16,16,16,15,20,16,21,19,16,16,17,21,21,20,20,16,18,21,21,17,17,21,21,17,17,18,19,21,21,16,20,16,21,18,21,22,21,17,22,21,21,22,22,17,17,16,21,17,20,20,16,16,20,16,16,20,17,20,20,20,20,16,16,19,15,20,16,16,20,20,19,20,19,15,18,17,19,20,16,15,21,17,16,19,19,16,16,17,18,16,16,19,15,21,15,16,16,17,15,21,16,16,22,16,17,16,21,19,20,16,20,20,15,16,20,20,16,16,16,17,16,16,21,21,21,20,20,18,16,22,21,20,17,20,16,20,20,21,21,19,17,17,21,18,23,17,17,18,17,19,22,22,18,22,22,22,21,17,20,18,18,22,18,21,21,18,17,18,21,20,16,19,16,16,16,16,19,16,19,20,16,16,19,15,16,16,20,16,21,20,19
200,167,135,119,96,80,70,64,50,48,39,35,35,27,30,25,27,22,26,23,25,20,23,19,19,23,18,18,21,22,21,16,20,18,20,17,17,15,21,18,22,16,17,20,16,15,20,20,20,18,14,19,16,17,20,15,16,16,17,21,20,20,16,16,20,16,16,19,19,16,19,20,20,20,16,19,19,15,16,16,20,20,20,21,15,21,18,22,21,20,17,19,21,16,16,21,20,20,16,15,22,22,17,21,20,16,20,16,20,16,17,20,20,17,16,20,16,20,16,16,15,21,19,18,19,19,19,18,19,21,19,16,15,16,20,20,17,19,15,20,19,15,19,15,16,14,19,19,16,18,18,18,15,16,17,17,15,15,21,15,17,21,16,20,15,15,17,16,21,20,16,20,20,16,16,19,19,19,15,16,17,15,22,16,21,17,16,21,21,18,18,16,18,17,18,22,17,18,18,22,20,20,16,17,21,16,15,17,21,17,20,20,19,16,19,17,20,15,16,16,20,15,16,16,19,19,15,20,20,15,16,15,20,18,15,21,16,20,20,20,18,17,17,19,15,16,14,16,16,19,19,14,18,17,16,22
198,166,138,120,100,80,73,64,54,44,43,35,35,28,30,28,27,26,25,24,18,19,23,22,17,20,16,21,20,15,17,16,16,15,18,17,21,20,19,18,16,19,16,18,14,15,21,17,21,16,15,16,21,17,17,18,18,16,16,16,19,13,19,20,16,14,21,22,21,21,20,16,17,16,22,21,17,18,19,17,17,22,21,21,21,19,19,20,16,16,16,19,20,20,15,20,16,20,16,16,16,16,20,16,19,16,15,17,16,19,16,16,20,15,20,15,16,20,16,18,15,21,18,19,20,15,16,20,15,20,20,16,16,16,15,19,20,19,16,15,16,20,15,16,17,20,16,19,19,16,15,16,19,19,19,19,20,18,15,20,16,20,20,19,16,15,16,20,20,16,17,19,16,20,20,20,15,17,17,22,20,17,17,16,18,22,16,17,22,17,17,17,20,17,21,17,20,16,21,21,18,15,20,19,16,19,18,19,15,17,19,20,17,15,16,20,19,15,17,16,20,16,16,20,20,15,20,16,20,16,14,16,16,19,20,16,19,19,18,16,15,16,20,15,16,19,15,20,20,20,13,15,19,19,20,17
203,170,140,118,99,80,68,59,55,48,42,37,34,27,29,27,26,25,24,22,23,23,21,21,16,16,16,16,16,18,18,19,19,18,18,18,18,15,17,20,19,13,15,21,16,20,21,16,19,18,16,19,15,16,20,18,16,16,20,15,20,20,16,20,15,20,21,17,22,19,19,16,16,17,17,17,21,16,19,20,19,16,20,19,16,16,19,15,19,21,19,15,16,20,19,20,19,15,21,19,19,14,20,16,19,15,16,19,16,20,19,19,18,18,14,16,16,15,21,20,15,21,16,20,19,18,13,19,15,18,16,19,15,19,19,16,15,18,21,18,16,18,16,20,18,19,19,18,13,21,20,16,19,15,17,16,16,16,16,16,15,21,17,21,15,19,20,16,18,15,20,18,17,20,20,17,15,16,20,17,20,16,19,16,19,19,16,19,19,18,16,16,20,20,20,17,15,19,16,15,15,19,20,20,16,16,16,16,20,15,17,15,17,20,15,16,18,16,16,20,16,20,19,19,16,18,16,18,16,18,14,16,16,20,19,16,18,15,19,18,16,16,16,16,18,17,15,15,16,20,20,15,17,17,16,20
198,168,137,119,100,83,69,58,49,43,42,37,31,33,25,27,25,22,20,23,19,19,20,23,20,22,19,23,18,17,21,17,17,21,17,15,16,21,20,22,17,21,21,20,15,17,21,21,20,19,15,17,20,16,20,16,16,16,16,20,20,16,20,15,21,20,20,19,19,16,15,20,17,16,21,16,20,16,20,18,19,19,19,19,15,15,17,18,15,18,17,17,21,16,15,17,21,21,19,17,17,17,18,18,18,18,13,15,16,20,19,15,16,18,20,16,20,15,21,17,19,16,15,16,17,16,16,19,20,18,16,20,14,15,17,17,21,16,20,20,19,19,15,20,19,19,18,20,16,16,16,16,20,20,20,20,16,19,16,20,17,17,16,20,16,16,19,20,20,16,16,19,16,20,16,16,19,16,18,17,21,21,17,16,20,19,20,18,19,15,16,17,21,16,16,16,20,16,15,21,19,17,20,14,17,16,20,17,19,16,13,19,19,18,20,18,14,15,17,20,16,16,20,19,14,15,20,20,19,18,17,14,16,16,16,19,16,15,17,17,16,19,19,17,15,20,20,19,19,19,17,19,19,19,18,16
198,168,138,114,96,81,74,59,54,47,42,38,32,31,30,23,23,26,25,20,19,19,18,19,23,17,23,19,17,20,21,19,21,19,19,15,20,16,20,19,19,16,14,21,20,16,17,16,20,16,20,16,16,17,18,17,18,17,17,21,18,20,21,20,20,21,20,16,20,20,20,16,15,22,20,19,20,16,16,20,15,16,17,21,20,16,16,16,16,19,16,17,20,16,17,20,20,19,19,14,19,17,16,20,15,20,19,20,16,16,19,20,19,15,16,20,16,16,19,15,19,16,16,19,21,15,14,16,20,17,16,19,20,18,15,20,16,19,20,19,15,20,17,20,19,18,15,16,20,15,16,19,18,22,22,17,18,18,18,18,22,17,23,23,19,21,18,17,17,21,20,17,16,18,19,19,16,20,20,16,16,18,19,21,16,21,17,16,16,19,19,16,16,20,17,14,15,20,18,16,16,17,17,16,15,16,20,20,20,19,18,18,18,18,18,18,19,19,15,19,15,21,16,19,19,13,20,16,16,16,18,16,16,16,20,13,22,16,19,15,17,16,20,20,19,19,20,19,17,17,20,16,19,16,16,14
197,169,137,113,96,80,68,63,54,43,40,34,30,28,26,25,26,27,21,21,26,24,20,18,19,23,22,17,17,17,17,20,16,16,16,16,20,16,19,20,16,22,20,15,17,17,21,20,19,15,18,18,18,21,15,22,18,21,21,17,20,18,21,21,20,21,20,17,16,19,20,21,19,19,15,16,21,17,17,16,16,16,19,19,16,15,17,20,14,16,16,16,21,20,19,20,19,15,18,19,15,20,16,18,15,20,20,15,16,14,19,16,15,19,16,18,18,16,15,16,20,20,15,20,18,15,19,20,19,15,20,20,15,21,17,21,16,16,16,16,20,16,20,16,19,19,19,16,15,16,16,16,19,19,17,16,15,21,20,15,17,20,20,19,19,19,15,19,20,19,16,16,17,20,14,20,20,20,16,20,15,20,20,19,19,18,15,19,15,16,19,16,20,19,15,20,19,20,18,19,13,16,19,15,17,18,18,15,16,16,15,21,16,17,19,15,20,20,16,14,15,21,20,19,16,19,20,14,16,18,19,19,16,14,16,19,18,17,18,15,16,20,19,15,16,16,20,20,16,19,16,16,16,20,15,20
195,167,135,117,100,79,68,59,52,47,43,36,29,28,26,25,26,26,23,23,26,21,24,23,19,18,18,19,19,19,19,20,23,23,21,17,19,22,22,23,18,22,21,19,22,20,17,17,22,22,19,17,21,21,20,20,19,16,21,20,18,20,16,21,20,21,20,16,20,16,18,17,22,16,20,20,17,16,19,16,16,16,16,20,20,16,16,19,20,15,17,21,16,19,16,19,18,16,18,19,18,15,20,17,16,16,19,20,17,13,17,18,19,19,19,14,16,20,19,16,16,19,19,18,15,20,21,17,16,20,19,15,16,16,18,21,22,19,16,21,21,20,20,19,15,16,22,16,16,22,21,21,20,17,18,21,18,22,17,18,18,19,20,23,18,18,19,22,22,22,22,18,18,22,21,21,21,17,16,20,16,20,20,20,18,16,16,20,18,19,16,19,20,14,20,16,19,20,16,15,16,17,16,20,17,16,19,15,20,20,19,18,14,19,20,19,19,14,17,20,15,19,22,19,16,20,16,20,20,15,20,19,16,16,17,17,20,17,22,18,18,18,22,19,18,20,17,18,16,22,19,22,19,22,21,17
199,162,136,113,96,75,67,58,48,46,41,36,29,28,27,25,25,27,26,24,20,18,19,19,23,22,22,21,21,20,16,20,17,20,19,20,15,21,16,22,20,19,17,21,17,19,20,16,22,21,16,20,17,18,20,16,16,17,21,16,16,16,16,21,17,15,20,19,20,20,16,14,16,16,20,20,14,16,16,20,15,16,16,16,19,16,14,18,19,20,16,15,22,19,16,19,18,16,15,16,15,20,17,19,17,18,18,15,20,19,19,14,20,19,15,17,16,20,19,15,19,16,16,20,16,19,14,16,20,15,21,18,17,22,20,20,21,21,21,16,20,16,22,17,21,19,16,16,20,16,15,20,16,20,17,17,15,18,20,20,15,16,16,16,17,16,21,16,16,20,17,20,15,16,20,14,19,19,16,16,16,20,19,19,15,19,18,21,16,16,19,14,19,17,16,16,19,16,14,19,16,19,15,19,19,20,18,16,16,19,17,16,18,13,16,17,15,15,15,19,18,15,17,20,19,20,14,16,19,16,20,20,16,21,16,20,16,16,21,19,19,17,19,16,16,19,19,16,19,16,19,15,16,17,21,20
196,160,132,115,93,80,70,58,54,48,42,36,29,30,31,24,27,25,24,23,20,17,21,22,21,21,16,16,16,21,19,19,20,16,17,16,19,16,19,16,20,16,16,20,20,19,16,21,21,17,17,19,14,16,20,21,19,20,19,16,15,16,16,20,19,19,19,15,19,20,16,20,15,17,16,16,20,16,15,16,15,20,16,19,17,15,15,16,16,19,20,18,19,18,14,15,16,16,19,16,18,18,15,15,18,20,20,18,16,16,19,19,14,20,19,20,19,14,16,17,20,16,18,20,21,17,16,20,17,19,20,21,20,15,20,17,18,21,17,17,18,18,22,18,22,19,18,19,19,22,20,21,18,23,18,16,20,17,21,16,16,20,17,16,20,19,16,20,19,14,16,17,20,14,20,20,15,17,18,16,16,16,20,16,17,19,16,16,15,20,19,14,19,18,17,20,17,16,15,17,22,20,20,19,19,18,18,19,18,14,17,20,16,19,16,16,16,20,20,20,15,16,18,22,22,19,18,18,23,19,22,18,23,21,22,18,18,18,21,22,17,18,17,18,18,22,18,22,18,18,19,22,22,18,18,22
192,162,133,113,93,80,71,62,51,48,38,34,35,28,29,28,27,23,26,22,26,21,24,23,19,19,23,18,20,21,19,19,17,22,18,22,21,17,17,23,22,17,17,17,21,19,16,17,19,20,17,16,20,19,21,21,16,17,19,19,19,19,17,14,15,17,21,16,20,15,17,20,19,19,16,16,15,15,17,20,15,19,15,20,16,20,15,20,16,19,20,18,19,16,19,16,18,15,17,21,16,15,18,17,21,17,17,21,21,20,20,15,20,16,20,17,16,20,16,17,17,20,20,21,17,21,20,14,22,22,17,21,18,20,21,18,17,21,22,21,16,18,15,22,17,21,17,17,20,17,20,16,16,16,17,20,19,20,16,20,15,16,15,17,21,17,21,20,20,16,19,18,16,16,19,16,18,18,16,20,16,16,20,19,15,16,16,19,18,19,16,16,17,20,19,15,20,19,16,20,14,16,16,16,21,21,19,19,15,20,16,15,21,18,17,17,21,21,16,21,21,20,16,20,16,19,21,19,20,16,16,16,19,17,16,17,21,21,22,20,19,16,20,16,19,16,17,20,20,20,19,15,16,22,19,16
195,163,136,109,91,79,73,63,54,47,38,39,32,32,27,26,23,27,21,20,21,21,21,24,23,19,19,23,21,18,21,18,21,19,19,19,22,23,18,22,17,21,17,17,21,16,20,17,21,19,18,19,16,20,18,14,16,16,19,19,16,18,15,16,18,16,15,21,21,19,18,19,18,18,19,15,19,15,19,15,20,20,16,17,18,18,16,18,15,16,16,14,17,17,20,20,20,20,16,15,15,17,21,20,14,19,19,16,15,20,15,17,21,21,20,21,17,19,17,16,16,17,16,20,16,19,15,16,16,17,19,21,21,21,20,17,17,22,17,21,16,20,20,16,15,21,17,20,20,19,15,20,21,20,14,16,20,14,20,17,20,16,16,15,21,19,16,19,16,19,14,20,19,16,14,19,15,16,16,19,18,14,19,16,15,16,19,16,19,18,16,16,16,19,19,18,21,16,19,15,15,17,17,17,20,15,20,21,20,16,15,21,21,16,19,19,16,15,22,19,20,16,19,20,18,18,15,22,21,19,14,20,15,17,20,15,21,18,17,20,19,16,20,18,16,16,18,15,21,16,18,14,20,20,15,16
196,165,137,115,96,81,66,57,50,44,43,35,30,35,28,29,28,24,22,26,21,21,21,24,24,22,18,19,21,23,19,20,19,21,22,22,21,17,17,20,17,18,16,22,17,17,17,16,16,16,20,16,20,20,16,15,21,17,20,16,17,16,16,18,20,16,16,16,16,20,20,16,15,16,18,16,19,20,20,19,19,15,16,16,16,16,21,19,20,15,17,17,17,17,20,17,17,18,17,18,17,22,18,18,22,18,19,19,22,19,18,23,20,22,19,23,23,22,17,20,22,21,18,18,18,21,18,19,19,18,18,22,22,18,20,18,22,17,19,21,21,18,17,17,20,18,16,19,20,20,19,15,16,19,16,16,16,20,16,20,19,21,15,19,16,20,20,19,19,18,18,18,18,15,16,16,15,20,16,20,20,16,14,17,22,16,21,16,19,21,15,19,19,16,16,16,20,16,16,17,21,20,20,19,20,19,19,16,19,21,20,19,20,19,20,17,16,19,20,16,16,19,19,19,19,19,16,15,17,22,17,21,20,20,16,21,19,20,16,15,22,20,15,21,17,20,18,18,20,19,15,20,16,16,17,16
194,167,138,112,94,84,70,60,55,45,40,35,36,32,25,27,27,23,22,25,20,20,23,20,20,18,18,19,23,22,21,17,16,16,20,18,16,19,14,20,15,17,21,16,20,16,15,19,19,17,18,14,19,18,19,18,13,16,15,20,16,18,14,15,16,20,19,15,15,17,16,18,15,19,16,21,18,16,18,15,15,17,16,19,16,14,19,16,15,17,20,20,16,18,16,16,15,21,20,16,20,15,20,16,17,15,16,16,20,16,21,16,16,17,20,19,19,14,20,19,15,16,16,20,21,16,15,20,19,19,15,16,19,16,16,19,19,17,16,18,16,15,20,19,16,18,17,17,14,19,13,18,15,19,14,19,13,16,15,18,14,15,17,21,16,16,19,15,17,18,15,17,21,20,16,15,14,15,20,16,17,17,19,18,15,18,14,19,20,19,18,19,20,15,19,19,19,19,20,15,15,20,21,21,17,16,16,19,20,17,18,17,19,19,19,14,17,16,20,16,18,15,22,18,16,20,19,15,19,19,14,19,16,16,16,20,20,16,19,16,14,15,20,16,15,19,20,18,19,18,13,15,20,16,16,16
194,168,133,112,94,81,69,60,51,46,42,42,33,29,30,30,29,27,26,20,25,21,23,24,22,18,22,20,21,20,19,16,19,20,18,19,16,18,15,20,19,17,15,19,18,16,16,18,20,14,20,20,15,20,19,16,16,16,19,13,20,18,12,19,18,20,20,17,14,19,20,15,20,19,18,19,19,19,18,19,19,15,16,18,20,16,16,16,16,20,20,20,17,21,16,20,20,19,18,16,16,16,20,20,20,16,20,20,16,16,20,16,17,20,15,22,18,16,20,16,17,17,17,21,16,15,21,16,17,21,20,16,19,20,20,16,15,17,17,20,19,16,16,19,16,16,19,16,19,19,15,17,15,20,14,21,21,16,19,16,15,16,19,16,19,18,16,16,20,16,17,19,16,16,16,16,16,18,18,14,16,16,17,20,18,18,17,20,21,20,17,16,17,16,16,20,17,17,19,19,18,16,20,19,18,19,19,16,19,19,16,19,16,19,13,15,17,17,20,19,16,20,19,16,18,19,18,18,18,14,16,16,19,16,19,17,20,20,16,19,18,19,14,18,19,15,21,19,16,19,16,16,15,20,18,14
200,169,136,119,99,79,69,64,57,44,42,34,35,29,30,25,28,23,25,23,23,19,23,23,18,16,20,16,20,20,18,16,15,17,18,13,17,20,19,14,18,18,18,16,14,15,16,18,16,14,15,16,16,20,15,20,20,15,16,19,15,17,18,21,16,15,20,18,20,18,14,20,20,19,18,14,20,16,16,16,20,17,16,19,17,16,16,17,18,15,16,18,22,18,22,16,21,21,21,18,16,18,15,16,15,20,20,17,20,17,16,18,17,21,16,14,18,17,21,20,15,17,21,17,16,19,15,20,19,14,16,16,19,19,19,20,14,13,17,12,16,13,16,18,18,18,15,15,18,14,17,16,20,16,20,19,17,18,16,13,15,20,15,16,16,20,16,20,16,17,19,19,18,14,16,20,16,16,19,16,20,16,20,14,16,20,20,14,20,19,20,15,16,20,15,21,18,20,18,17,16,20,15,17,21,17,21,20,14,20,18,20,19,19,19,17,21,13,18,16,16,19,15,19,15,17,16,19,19,15,15,16,17,20,16,16,20,19,17,18,19,14,15,20,18,15,16,19,15,16,16,16,16,16,17,21
202,170,138,115,101,80,73,60,51,46,40,36,33,29,30,26,26,25,23,23,22,21,21,21,24,19,21,20,18,21,20,19,16,20,19,15,15,20,20,16,16,15,21,17,16,16,15,19,20,21,16,14,21,18,21,17,15,21,17,16,18,18,19,19,15,16,15,22,21,17,16,16,21,21,20,16,20,20,18,20,19,18,20,15,18,21,19,20,16,17,19,20,16,16,18,16,17,22,21,17,16,19,18,17,20,20,20,15,17,17,21,20,16,17,17,20,18,16,19,19,14,15,21,16,16,15,16,20,20,19,14,16,20,16,19,17,16,18,19,19,19,18,18,16,13,19,18,19,19,18,18,16,13,16,14,18,14,16,21,16,15,22,17,20,16,19,16,20,16,16,15,16,17,17,17,21,17,17,21,20,15,17,19,17,20,19,16,19,17,21,20,20,17,20,17,16,17,21,17,21,17,16,16,20,16,15,17,20,22,21,16,19,20,14,20,16,15,20,16,19,19,19,18,19,14,18,15,15,16,19,16,19,18,14,16,18,19,19,17,14,15,20,20,16,17,17,14,16,16,17,21,20,20,19,19,18
201,170,141,119,96,79,70,65,56,49,39,34,31,33,27,26,25,27,22,21,24,20,20,23,23,21,17,17,16,21,20,19,15,16,16,21,16,16,16,20,16,17,20,17,16,16,16,17,16,21,16,17,16,15,17,17,21,16,17,21,17,17,18,18,18,19,22,21,17,19,21,18,19,22,18,22,19,22,22,18,22,22,22,19,22,22,19,23,18,21,17,19,22,19,16,16,18,19,18,21,21,21,18,22,21,18,22,19,17,20,20,18,16,20,21,16,20,16,19,15,16,19,17,19,19,19,18,17,19,14,14,16,20,15,19,19,17,19,15,20,18,19,15,20,19,17,19,19,14,20,15,20,16,20,19,16,16,15,18,22,18,20,21,21,18,22,22,17,21,21,17,16,20,17,22,21,20,16,16,20,21,21,16,17,20,20,20,16,21,20,20,19,15,17,21,20,16,16,21,20,17,20,16,16,19,21,15,17,16,17,18,21,20,18,20,20,20,19,15,20,17,18,15,16,15,18,21,20,20,19,19,15,20,19,19,18,18,19,16,16,15,20,16,20,20,15,15,20,20,20,16,19,15,22,16,17
200,170,141,119,99,80,70,59,50,44,43,36,31,32,29,26,25,21,23,20,22,17,18,18,22,21,19,16,20,16,14,20,19,19,19,19,15,16,16,15,20,15,20,19,15,19,19,16,15,16,16,19,15,17,17,16,20,20,16,17,16,15,20,20,21,19,16,14,16,16,19,16,17,20,21,16,19,16,19,17,20,15,17,20,19,16,19,19,16,18,18,20,15,20,16,22,20,18,16,20,18,19,20,16,15,19,19,19,14,17,16,16,19,19,15,19,16,16,15,15,16,14,17,20,16,18,15,17,15,18,22,17,20,18,20,19,16,20,14,15,21,16,16,19,20,18,16,18,17,15,18,18,14,20,16,19,19,19,19,15,16,14,21,20,21,17,17,20,16,21,16,14,19,19,20,19,16,15,22,18,16,17,16,19,18,20,17,20,16,21,18,16,20,16,19,16,18,15,17,20,20,18,16,17,16,19,19,15,16,16,19,14,20,16,19,17,17,14,20,19,14,19,19,17,19,15,16,17,18,13,17,14,14,20,19,18,16,14,16,20,17,13,19,14,20,19,17,19,16,18,14,16,20,16,16,19
198,170,138,116,96,81,70,65,54,50,38,38,32,32,26,24,24,23,26,20,24,19,20,18,22,22,22,21,22,18,17,20,16,15,20,20,16,16,18,20,16,19,20,18,15,17,16,19,19,16,15,17,18,22,17,18,22,20,16,20,20,19,17,20,16,17,20,20,22,19,18,16,16,15,20,17,20,16,16,19,18,16,22,20,16,17,20,20,17,16,16,18,21,20,16,19,15,21,19,16,19,15,20,15,16,20,20,16,19,16,19,19,14,13,18,17,15,20,19,19,19,19,14,15,20,18,20,17,19,19,17,15,16,17,15,19,21,16,20,16,21,19,16,18,19,16,20,20,15,17,20,16,16,15,18,18,19,21,21,21,21,20,16,17,20,16,16,17,16,22,22,16,16,20,19,20,19,15,16,15,17,17,20,20,16,17,15,15,20,20,20,18,17,14,20,16,16,19,19,18,16,14,16,18,19,19,18,18,14,16,19,14,19,16,20,17,15,16,19,15,16,19,19,14,16,16,17,19,18,18,16,17,16,14,16,17,18,14,19,16,18,14,16,18,14,16,16,16,20,16,20,16,15,17,21,19
201,166,135,113,96,83,71,61,49,44,38,40,35,31,28,23,26,22,21,20,23,20,24,19,21,21,19,17,21,17,16,20,16,20,19,20,20,20,15,19,15,21,17,21,16,16,19,21,20,19,18,21,16,16,19,15,16,15,20,21,17,21,18,17,17,17,20,20,17,20,21,16,18,17,17,16,21,20,20,20,20,20,19,19,19,19,19,16,16,19,15,21,20,16,16,19,15,20,14,16,17,20,18,16,16,17,21,21,15,20,19,16,20,16,19,16,14,16,16,18,20,17,14,18,14,16,20,20,15,20,16,15,18,17,21,16,15,16,16,21,20,16,19,15,16,21,21,20,16,16,21,16,20,16,16,20,17,16,16,20,21,18,20,20,20,20,20,20,20,20,20,20,17,15,20,20,21,16,18,20,17,16,20,16,17,15,20,16,15,20,20,15,20,15,19,19,19,18,18,14,16,19,15,20,15,17,15,19,17,16,16,19,19,20,14,16,16,19,19,14,15,16,19,16,15,21,18,16,20,19,16,20,16,16,16,20,18,20,20,16,15,16,16,16,20,20,16,16,16,21,16,16,17,22,19,15
200,164,138,117,95,79,69,62,52,49,42,34,35,28,31,22,23,24,25,22,25,20,23,19,19,22,22,21,20,20,15,18,17,22,22,22,21,21,17,20,21,20,17,21,16,20,16,21,20,16,17,19,17,18,20,19,20,16,17,16,19,16,20,16,19,18,20,18,15,16,19,15,17,16,20,14,18,19,19,16,18,19,20,16,16,17,18,18,14,16,19,20,18,14,15,20,20,16,15,20,17,20,20,18,15,19,19,15,20,19,15,16,18,16,20,15,22,16,18,15,16,16,20,19,19,15,19,15,15,17,18,17,19,20,18,16,16,16,17,20,20,20,20,16,16,17,18,21,19,20,16,18,20,16,19,20,20,19,19,19,14,16,19,20,16,20,21,16,16,18,15,18,21,16,20,16,18,20,19,19,19,19,18,14,14,20,20,20,18,18,19,14,20,16,14,20,15,20,16,14,17,20,16,18,18,19,18,16,14,19,16,16,20,16,16,14,20,16,15,17,22,19,16,19,19,20,20,20,16,19,19,15,19,15,20,19,19,18,16,16,20,19,16,19,14,18,16,16,16,19,19,15,16,17,17,20
197,162,137,114,98,83,66,63,51,48,41,37,35,26,29,25,25,21,22,22,20,20,24,19,21,22,18,19,23,19,23,23,18,20,23,21,17,21,21,18,21,20,21,22,21,21,16,20,18,18,18,24,21,21,21,17,17,22,21,22,21,17,20,20,20,19,17,18,21,16,19,20,16,16,16,17,16,17,17,21,18,17,16,20,16,17,17,17,16,19,19,16,19,16,14,18,16,20,15,20,20,20,15,19,16,20,19,16,15,17,16,16,20,17,18,15,20,19,16,20,16,20,16,19,20,17,20,16,19,15,20,20,17,16,16,17,17,20,17,20,20,16,20,17,15,17,21,20,21,20,20,19,21,19,19,20,15,16,20,16,16,20,16,16,20,19,15,16,20,16,18,20,16,20,19,19,17,14,19,15,16,19,19,19,18,19,18,16,19,16,20,14,16,20,16,16,18,15,16,20,18,15,21,20,19,18,15,20,15,21,18,17,17,18,15,19,14,20,17,16,16,18,20,17,18,14,16,18,18,18,17,20,18,21,21,21,16,20,20,16,16,19,17,21,19,14,21,16,21,20,20,20,16,20,20,19
195,160,136,111,94,81,71,62,55,48,38,38,34,30,29,27,23,22,21,25,23,24,19,23,23,18,21,22,23,20,17,17,18,19,22,18,20,19,19,22,17,18,21,18,19,20,17,20,17,19,20,16,21,19,20,20,19,20,16,18,19,16,16,18,16,15,20,16,20,19,19,19,18,19,17,15,18,17,15,15,20,18,16,19,19,15,19,16,16,16,15,16,20,19,17,19,15,16,19,18,13,15,16,19,20,18,14,16,15,18,17,18,21,18,17,16,19,19,16,16,16,20,20,19,16,15,17,17,17,21,21,21,16,18,17,21,20,15,20,15,17,16,17,21,19,21,21,20,19,20,20,19,19,16,15,16,19,21,16,19,14,16,16,19,21,14,16,16,16,16,15,16,16,16,20,16,19,18,19,16,15,21,16,19,17,14,19,16,19,15,16,16,19,20,19,17,13,17,18,14,16,15,20,16,16,20,16,15,21,18,16,15,20,16,21,17,15,19,18,14,14,19,16,20,16,16,17,20,19,21,16,18,20,16,16,18,19,14,20,20,16,17,16,16,16,18,18,19,20,15,16,20,20,19,16,14
191,162,138,115,93,82,71,61,49,43,38,35,31,29,28,27,26,28,27,23,20,22,26,21,20,24,24,19,18,22,18,19,19,20,22,22,18,22,21,17,21,22,22,21,16,15,18,23,18,21,17,21,17,21,19,19,16,17,19,18,15,18,17,21,19,16,16,16,16,20,19,16,16,16,15,16,20,15,16,19,16,15,16,16,20,15,21,17,16,20,19,18,18,19,15,19,16,18,20,19,18,16,19,19,15,16,18,16,16,16,19,15,17,22,16,17,17,17,18,22,20,21,21,17,21,17,19,16,20,19,20,16,17,19,16,20,16,17,20,16,18,18,21,22,21,21,21,20,21,19,18,16,19,16,16,19,15,17,20,16,20,20,16,19,14,21,16,15,20,16,19,19,19,19,17,16,15,13,13,19,18,17,14,16,15,20,18,16,20,15,17,17,21,19,20,15,15,16,16,16,19,16,20,16,15,20,21,17,21,16,19,16,20,19,19,15,20,21,16,16,16,16,16,22,18,17,20,17,20,19,16,15,20,20,18,19,20,19,17,14,14,17,17,16,20,18,19,15,20,16,15,21,16,16,19,19
196,158,134,114,98,83,67,59,55,44,39,34,32,32,26,27,23,27,23,22,25,21,24,23,19,18,21,22,18,19,22,21,21,16,16,19,18,19,18,18,22,18,22,19,19,22,22,21,18,21,16,20,16,17,20,18,18,19,15,17,16,15,16,20,19,16,14,16,16,16,15,17,20,17,20,15,19,19,16,19,15,16,15,16,16,19,18,17,15,20,18,15,16,16,19,18,18,14,16,16,15,19,15,16,16,19,16,16,15,22,21,16,16,16,21,16,21,21,16,16,19,16,16,20,16,14,20,18,16,20,17,20,16,16,20,16,16,16,17,20,16,17,16,20,17,20,16,20,14,17,21,16,17,20,16,15,19,17,16,19,19,15,16,16,20,19,17,16,15,17,20,18,19,16,17,15,16,19,15,17,15,14,19,20,20,18,17,12,14,15,17,17,16,20,16,19,16,15,21,16,19,16,15,16,16,16,20,19,15,18,19,16,16,19,18,19,21,17,20,18,19,19,20,20,19,16,18,16,20,19,20,15,21,21,21,19,19,20,20,18,16,18,16,16,17,16,20,19,16,16,15,16,16,16,17,20
194,162,134,114,96,78,71,62,50,47,38,35,32,34,29,28,26,25,26,21,20,25,25,20,18,22,23,23,22,16,16,16,21,22,20,19,21,17,17,17,21,17,18,18,21,22,21,17,20,16,15,21,16,20,19,15,20,16,18,16,18,18,22,19,19,17,18,20,18,20,19,19,18,14,20,16,19,15,17,17,17,21,16,17,19,19,19,19,20,13,20,19,16,16,16,20,21,17,20,18,16,21,17,18,17,22,18,18,22,23,18,20,18,19,22,21,22,18,17,17,16,21,22,21,16,16,20,19,17,18,18,21,18,21,22,22,17,22,17,17,21,21,20,20,17,20,17,16,16,16,15,21,20,16,15,19,16,19,19,18,19,16,18,18,19,19,18,18,15,19,14,16,20,20,15,16,20,15,20,20,19,16,16,15,20,16,16,20,19,20,14,17,16,17,16,20,18,20,17,20,17,21,21,21,16,19,20,19,20,15,20,20,20,20,16,16,16,20,20,15,17,22,18,18,21,16,21,16,19,16,16,18,17,21,21,21,18,20,21,20,16,20,16,20,20,16,16,16,20,20,18,19,16,19,15,16
197,163,137,116,97,81,66,58,55,43,40,40,35,28,27,26,29,28,22,22,26,26,21,20,18,22,23,23,18,18,23,18,23,22,18,20,18,18,19,18,17,18,19,22,15,21,21,16,20,16,16,18,16,20,20,19,15,16,16,16,20,16,19,18,14,18,17,15,20,20,18,15,21,20,15,20,18,20,18,14,21,16,15,17,20,19,19,15,20,15,19,16,20,20,18,15,16,17,17,15,17,21,17,20,17,16,20,20,16,16,15,17,16,19,16,16,19,20,20,19,16,16,20,20,16,19,19,20,18,16,18,16,20,17,16,16,20,16,21,20,19,15,21,20,18,19,18,15,16,15,19,19,16,19,17,14,15,16,18,16,19,20,18,18,15,19,16,15,20,14,16,16,16,21,16,19,20,19,15,15,14,16,19,19,14,19,20,15,16,16,14,16,20,20,20,15,16,20,20,20,15,16,18,20,17,17,20,20,16,17,16,17,17,17,17,17,17,17,14,17,18,20,19,15,15,20,16,20,16,16,20,16,20,21,16,19,19,20,14,20,15,20,16,20,14,18,16,16,16,18,17,18,17,16,17,13
196,161,137,110,95,85,72,64,55,45,40,35,32,33,26,29,27,25,25,25,24,17,18,22,20,19,23,19,19,19,19,18,19,18,22,19,22,19,22,22,17,17,20,17,21,15,17,18,17,22,21,20,16,19,22,19,16,19,18,19,20,15,17,20,19,19,21,21,19,18,15,20,16,20,17,16,20,16,16,16,20,20,19,15,20,19,17,17,20,16,16,21,17,20,20,20,16,17,17,17,18,23,18,22,19,20,22,23,18,18,19,19,22,22,19,23,19,23,18,18,19,23,19,23,18,22,19,21,18,20,20,21,20,19,19,20,18,18,15,16,16,17,15,21,16,21,15,18,19,15,22,19,20,19,20,19,15,16,16,15,17,17,17,17,16,16,19,19,15,16,17,16,16,18,20,19,19,16,15,21,20,19,18,20,16,17,20,16,21,15,17,18,19,18,20,21,21,17,18,19,22,22,19,17,19,22,21,21,19,17,20,17,17,21,18,18,21,18,22,18,21,17,22,19,18,21,21,21,21,21,20,16,19,19,16,20,19,19,14,16,17,17,17,20,20,19,18,16,18,20,19,16,18,19,16,19
199,167,139,113,96,78,71,59,51,45,41,39,36,30,32,22,27,26,25,20,20,18,19,23,21,17,17,18,22,21,20,17,20,18,16,16,16,16,16,20,16,21,16,16,20,20,20,19,19,20,14,20,20,17,19,17,17,16,16,20,19,20,17,14,16,20,17,16,19,20,19,15,16,16,20,16,16,16,17,18,17,17,21,21,19,21,20,18,18,19,20,18,19,22,20,19,24,17,20,23,22,21,23,18,22,22,16,21,22,18,22,22,21,17,22,21,20,16,20,16,21,21,16,16,20,19,16,16,18,16,17,17,17,19,18,20,15,16,21,19,19,19,19,16,16,17,15,14,18,20,16,20,18,15,21,16,20,16,20,16,18,19,19,18,16,16,17,19,16,16,19,19,20,16,19,15,20,16,17,21,16,18,17,20,17,17,21,16,22,19,16,22,20,18,21,20,22,20,16,17,16,17,21,21,20,16,16,20,17,16,16,21,22,16,20,16,22,21,16,16,18,17,19,21,20,14,19,20,16,17,20,19,16,19,16,15,21,20,16,18,14,17,20,21,20,13,15,20,16,16,16,16,17,17,20,19
200,168,136,114,96,83,71,64,51,48,38,37,30,32,25,26,27,25,19,22,21,19,20,18,17,17,20,20,17,19,20,19,16,16,15,17,17,17,20,14,16,16,19,19,17,19,16,15,17,20,19,16,20,15,15,17,17,17,18,19,16,16,16,16,16,18,19,15,16,20,16,17,17,19,15,16,21,17,17,19,18,19,15,17,19,18,20,20,20,16,20,20,19,16,16,19,20,16,20,19,18,18,16,20,18,17,16,17,20,18,15,21,20,14,20,18,19,19,15,19,15,16,16,18,19,15,21,20,20,16,19,15,16,21,18,20,19,14,17,16,17,14,16,20,19,17,16,17,20,15,16,15,16,16,17,19,18,14,16,13,17,20,16,20,18,18,20,20,15,19,19,19,16,16,19,15,18,20,16,19,16,16,16,21,16,19,18,20,20,18,15,18,18,22,17,16,21,20,17,21,19,19,17,17,20,21,15,21,16,16,19,16,18,15,15,20,21,20,16,15,18,16,20,19,19,18,18,18,15,18,18,16,15,20,19,18,19,15,16,15,19,16,16,19,16,14,19,15,19,15,16,16,20,16,19,18
198,167,138,117,98,86,71,65,57,48,38,39,34,32,28,26,21,20,24,22,19,23,18,22,21,17,21,18,16,19,15,16,17,16,15,16,19,16,20,15,20,20,19,15,16,15,19,17,16,18,17,14,16,19,13,14,17,19,20,19,16,20,15,16,16,15,18,17,19,19,16,19,20,19,15,20,17,16,19,16,20,20,21,19,15,21,20,20,21,15,19,20,19,16,18,15,20,15,20,16,20,19,15,16,19,19,16,16,20,15,18,16,17,16,19,20,15,20,19,15,16,19,19,19,17,13,18,14,15,20,21,16,16,16,17,21,16,17,16,20,19,19,15,20,15,19,19,15,20,16,20,18,19,18,19,19,17,15,15,19,14,21,20,16,16,19,17,20,16,20,15,16,16,17,16,19,16,19,16,15,16,19,17,20,16,15,21,20,20,21,16,17,20,17,17,16,22,21,21,16,17,18,21,21,20,20,16,16,15,17,19,20,16,16,17,19,18,16,20,15,19,15,20,16,13,19,15,20,15,16,17,19,19,16,19,16,15,18,18,20,16,20,15,16,18,18,15,20,19,18,17,18,16,19,15,19
199,167,138,117,101,86,73,62,52,49,38,39,35,27,26,29,23,26,25,19,20,24,22,21,21,21,19,17,21,18,20,15,16,20,20,15,18,16,15,21,18,23,21,19,18,20,19,16,21,16,19,20,16,18,20,20,20,16,16,16,21,20,16,19,16,17,18,18,18,22,22,22,22,21,17,22,18,22,22,22,18,23,21,21,20,17,20,20,16,16,17,22,17,20,16,17,20,20,17,19,20,19,19,15,17,20,16,16,16,20,16,17,16,15,20,20,16,19,20,15,16,19,16,20,14,22,16,17,19,16,16,18,19,15,16,16,16,20,17,16,20,15,20,20,20,19,18,16,17,19,16,19,19,19,16,15,16,20,20,16,20,19,20,16,16,21,17,16,16,18,17,17,16,18,17,22,18,17,21,21,17,22,21,21,21,21,16,20,21,20,17,16,19,20,16,16,16,21,18,15,22,16,17,20,16,16,16,21,18,18,17,21,20,19,16,15,22,21,18,19,15,16,16,16,16,15,21,16,16,17,16,19,16,19,16,14,21,16,21,21,19,16,16,18,17,16,20,18,18,18,15,21,16,16,20,19
203,166,137,115,97,84,68,62,55,43,40,37,30,28,26,26,25,26,26,23,23,22,20,18,22,18,21,18,18,22,21,17,17,21,18,17,17,17,21,20,16,17,19,20,15,16,19,16,15,21,17,17,16,20,20,16,16,20,16,17,22,20,19,20,22,21,19,16,14,18,18,18,18,19,19,19,19,21,20,22,18,18,16,20,17,18,22,18,19,18,18,21,17,22,21,21,21,19,15,20,21,16,16,17,15,17,16,17,19,17,17,19,19,15,17,19,15,20,15,21,16,20,18,18,14,16,19,20,16,19,19,15,16,20,15,19,20,15,17,17,15,19,19,19,15,21,16,14,16,20,20,16,19,16,16,16,21,15,18,18,17,22,21,22,21,22,17,17,18,22,17,22,17,16,17,17,18,18,23,19,18,18,23,22,22,21,22,22,19,18,21,21,16,21,17,20,19,16,20,20,15,16,19,21,15,20,19,18,20,19,15,16,15,16,16,19,19,18,19,18,15,20,18,19,14,19,19,16,15,15,17,17,20,20,15,20,15,15,21,16,17,20,14,16,16,20,16,20,18,15,18,21,17,20,16,17
201,166,141,115,97,80,68,63,51,48,41,37,34,26,25,23,27,26,20,24,22,22,18,19,22,22,23,21,16,18,17,17,17,20,16,16,16,16,20,20,20,16,16,17,17,20,20,16,17,21,17,21,17,16,17,18,18,21,18,18,21,19,23,20,20,18,20,18,17,21,18,19,22,17,16,17,22,22,16,18,21,20,16,16,17,17,18,16,16,16,17,17,16,19,16,19,16,15,19,16,19,16,14,15,20,21,20,16,15,15,20,20,20,17,16,18,19,14,18,16,19,15,19,19,20,14,20,16,19,14,16,15,22,20,15,19,14,21,21,16,21,16,16,20,17,21,19,16,16,19,20,20,19,15,16,20,16,15,20,22,21,21,20,19,15,20,17,20,17,19,16,20,20,16,20,20,16,20,14,18,16,21,20,16,20,20,19,18,18,15,17,16,15,21,20,21,20,14,20,20,19,15,18,19,18,18,16,18,18,19,16,18,14,18,16,21,15,19,19,19,20,15,17,20,16,15,20,18,15,21,21,18,16,15,21,21,20,19,18,19,16,15,17,21,20,16,16,15,17,17,17,21,16,21,16,20
202,164,137,114,98,84,68,59,54,45,39,34,33,32,28,26,26,19,23,19,20,19,24,16,15,22,20,21,16,16,20,20,16,19,16,20,19,20,15,21,16,21,17,19,16,18,21,16,18,19,22,20,17,15,17,21,18,17,21,20,20,21,21,16,16,19,19,18,13,20,16,18,17,15,15,21,16,20,19,19,19,19,19,18,15,16,19,14,19,19,19,19,19,17,18,14,16,19,16,18,15,17,19,14,21,20,14,17,16,20,20,19,19,19,14,15,20,21,19,16,19,16,19,19,17,20,18,15,21,18,15,21,16,16,16,17,16,20,20,15,17,17,22,18,17,18,16,19,16,19,16,16,21,17,16,16,19,18,19,16,19,16,19,19,16,19,15,16,17,22,16,15,22,18,18,18,22,18,22,22,17,21,20,17,16,16,16,16,16,16,16,19,20,16,15,17,19,19,15,19,15,19,17,14,20,16,16,15,16,18,21,15,19,16,18,16,20,16,18,15,22,20,16,14,16,20,15,17,16,16,21,17,19,16,19,16,19,16,19,19,16,19,14,21,16,17,17,16,16,16,20,19,16,19,17,16
196,168,135,116,97,79,69,59,54,47,43,37,34,32,27,26,20,24,23,19,20,18,22,22,22,22,22,22,22,22,18,21,22,17,21,18,21,19,21,20,20,16,17,17,17,22,19,19,22,18,18,23,18,19,19,19,19,20,22,19,21,22,18,22,17,18,22,18,22,22,21,22,17,19,21,17,21,21,19,20,20,20,16,20,16,15,21,21,18,19,18,21,17,19,16,16,15,20,20,16,16,18,17,17,16,16,21,17,17,17,21,17,18,17,16,19,16,16,20,19,16,19,16,16,20,16,16,16,16,19,16,16,16,20,15,16,16,20,16,16,20,16,18,20,16,21,16,19,17,15,22,22,19,18,19,19,20,20,22,18,23,19,18,23,19,22,18,18,23,22,21,18,16,18,19,18,22,19,22,21,22,17,21,21,17,21,16,17,19,20,19,16,19,19,16,15,18,20,17,16,20,20,16,20,18,18,17,19,20,16,18,18,18,19,19,16,20,15,20,20,16,16,19,16,16,20,19,19,20,19,19,19,19,15,16,16,17,20,16,18,17,18,21,18,21,21,18,16,19,19,18,22,23,22,18,21
195,167,138,116,98,80,65,57,50,43,43,34,30,28,30,28,27,22,25,20,20,22,24,23,18,22,22,18,22,17,21,18,20,19,21,22,17,22,16,20,21,16,21,16,20,16,16,21,16,21,16,20,18,16,19,21,19,18,17,16,15,18,22,21,20,16,20,21,15,20,20,16,20,20,16,16,16,16,20,15,16,17,16,16,16,15,18,15,20,12,19,15,15,16,18,16,19,19,18,14,20,18,16,15,15,18,17,21,15,20,19,16,16,17,18,19,18,19,14,19,16,19,19,14,20,16,16,20,16,17,16,21,21,20,21,19,20,16,16,17,17,18,21,17,17,17,22,21,17,16,20,17,20,20,20,16,16,20,20,19,14,17,21,19,16,16,20,16,19,15,20,17,21,19,16,17,16,20,15,18,19,18,15,18,17,17,19,15,14,14,16,20,20,18,18,18,17,14,15,15,17,20,15,19,19,16,17,19,18,13,15,20,19,15,20,20,17,16,21,15,19,16,19,19,19,16,19,20,16,15,20,20,19,16,20,16,16,19,20,19,16,19,15,18,21,18,18,22,17,17,21,20,20,15,17,18
193,166,138,112,92,82,70,61,50,48,42,34,30,29,27,30,28,27,26,25,24,23,19,18,22,19,21,23,20,18,19,23,22,23,18,20,19,23,23,23,22,22,22,21,18,20,17,17,18,21,21,21,21,21,20,17,16,16,21,20,17,17,20,20,17,20,20,15,16,17,16,19,16,15,17,17,20,19,19,16,18,16,18,15,17,20,21,19,16,16,20,20,16,16,16,15,16,16,17,20,21,17,14,20,16,16,18,20,17,20,20,20,19,16,19,17,17,17,16,20,17,18,21,19,23,18,18,18,23,22,22,21,22,21,19,21,17,20,21,20,18,18,21,18,18,20,21,22,18,22,19,23,22,17,22,22,22,17,17,17,19,17,20,16,16,20,18,21,21,20,17,16,19,16,19,20,18,14,19,16,20,17,19,16,20,16,19,19,19,16,19,19,14,20,18,19,14,16,20,20,16,19,15,16,20,16,17,16,20,17,16,16,16,16,16,17,16,20,17,21,18,20,17,18,21,16,21,17,21,17,17,19,20,17,21,21,21,17,21,17,21,18,19,22,18,22,18,22,23,22,20,21,22,18,18,22
196,161,132,115,93,82,71,62,54,45,42,33,31,34,25,25,28,21,23,20,26,24,20,18,18,19,24,21,21,20,17,19,22,18,22,22,21,21,18,22,22,18,22,17,21,18,18,22,22,21,21,21,21,18,20,20,17,20,17,16,20,17,18,16,15,17,17,21,17,18,16,18,15,19,17,17,20,16,16,16,20,18,18,16,19,19,19,19,16,19,15,19,16,16,15,21,17,19,16,18,16,16,20,16,19,15,20,16,16,20,19,15,19,17,17,18,17,21,19,21,16,17,21,21,21,20,21,19,17,18,18,19,19,19,19,18,20,20,23,19,22,19,18,23,19,20,19,22,22,19,19,24,21,22,21,18,20,20,17,21,20,20,16,20,16,16,17,15,17,16,17,21,16,17,16,18,20,20,20,15,17,16,16,16,16,16,20,16,16,19,16,15,20,15,16,17,16,20,20,17,16,21,19,20,15,20,19,16,15,20,16,17,21,21,20,18,16,20,17,21,18,19,18,19,22,23,22,21,20,17,16,17,18,21,22,18,17,21,17,16,17,21,17,20,20,17,20,17,17,21,16,20,18,16,17,18
191,165,137,111,97,82,70,58,54,47,43,34,32,32,26,29,28,22,23,22,23,23,26,25,19,20,23,23,22,20,20,21,21,19,24,19,22,22,19,23,20,18,22,19,19,18,22,19,18,22,19,23,18,21,20,17,21,20,20,20,15,20,17,20,19,21,14,15,21,17,20,20,16,20,16,15,17,18,18,17,18,18,18,19,23,21,20,16,16,20,16,16,15,16,19,22,20,19,16,17,20,19,20,20,16,19,20,18,21,20,17,15,23,22,22,16,19,22,16,21,17,20,16,18,22,17,18,18,18,23,19,18,18,22,23,17,20,21,16,16,16,20,16,16,15,16,20,21,16,17,17,17,17,20,21,20,15,20,20,16,20,16,20,16,19,16,16,15,21,19,16,16,16,20,19,20,16,19,14,16,16,20,20,16,19,14,20,20,20,15,16,20,16,21,16,16,20,19,17,19,16,16,20,16,19,16,16,20,17,20,20,20,21,20,20,16,20,17,20,21,16,17,19,20,21,17,17,18,21,20,21,18,18,22,17,22,18,19,22,22,21,21,17,17,16,17,20,16,19,19,20,18,16,20,16,17
196,160,134,112,95,81,72,61,54,49,42,35,35,32,30,26,24,29,27,22,22,21,21,22,22,22,21,25,21,25,19,20,18,19,23,18,18,24,21,20,21,17,20,17,21,20,21,16,20,16,20,16,15,17,20,16,16,20,16,15,20,16,20,20,20,16,16,19,16,20,19,16,15,20,16,15,17,17,21,18,16,16,20,16,20,16,20,16,20,20,16,17,21,16,16,20,19,21,21,16,16,20,20,19,20,17,16,19,22,20,16,20,20,21,20,20,16,16,20,17,18,22,19,22,18,18,19,23,23,22,18,22,22,18,19,23,19,22,16,19,19,21,16,19,15,16,16,19,20,19,19,18,16,19,19,18,15,19,16,16,16,15,22,21,20,20,14,17,20,20,16,16,16,15,21,17,21,21,18,15,20,16,17,16,16,16,16,21,16,20,16,20,21,17,16,19,20,20,19,20,16,19,17,21,16,21,18,16,20,18,23,16,17,18,21,18,24,21,20,18,21,21,17,16,21,21,17,16,16,20,17,22,21,20,21,16,21,20,16,16,21,19,19,19,18,18,16,16,16,19,19,19,15,16,21,20
192,165,136,109,94,82,73,64,55,46,42,36,36,32,29,23,22,27,22,26,20,22,22,24,18,22,17,22,19,17,17,20,20,17,21,16,20,16,16,16,19,16,17,20,20,19,19,19,17,15,14,16,17,20,16,15,20,20,20,19,14,20,15,17,17,19,18,17,16,19,15,17,20,20,16,14,20,19,16,16,20,16,19,16,18,15,21,19,18,17,21,22,17,21,20,15,22,17,19,18,21,16,20,16,17,20,17,18,20,17,17,16,18,17,16,17,20,20,16,19,21,19,20,16,19,14,21,16,21,20,17,16,16,20,19,20,16,16,16,16,19,19,19,15,15,16,18,20,16,20,19,18,14,20,19,15,14,20,15,17,18,19,19,18,19,14,15,20,16,18,19,16,15,18,14,19,18,16,19,16,16,19,18,19,18,18,17,18,18,18,19,18,18,15,20,20,16,19,16,19,20,16,15,21,22,17,18,22,21,17,22,21,21,22,21,20,16,20,17,18,20,19,16,16,21,20,16,16,16,17,16,15,17,21,20,16,16,16,19,16,16,16,19,16,19,19,14,16,20,15,20,14,20,16,16,15
196,164,141,114,99,81,71,62,54,47,46,40,36,33,30,29,28,22,26,23,25,21,24,23,24,17,18,22,18,23,23,21,21,18,18,18,21,18,18,22,21,21,17,21,20,21,16,17,17,17,21,16,21,20,19,20,19,16,16,19,20,19,15,20,21,17,20,20,15,16,17,20,16,16,19,16,16,16,20,16,15,20,16,21,17,16,17,17,17,20,18,21,21,17,21,17,17,17,17,18,21,19,17,17,22,17,18,18,22,19,18,19,23,20,18,18,18,19,20,19,23,19,19,19,22,19,18,19,17,22,15,16,16,21,20,20,16,16,15,18,21,16,15,21,16,17,16,16,18,16,16,16,17,20,16,15,19,20,16,20,16,20,20,16,15,20,16,17,20,21,14,16,16,16,20,20,17,21,20,16,15,17,18,20,16,16,16,18,22,17,20,21,20,16,16,17,22,20,21,19,16,16,21,19,20,18,18,20,19,21,17,17,22,21,17,17,18,18,19,19,23,17,21,18,18,19,17,16,17,21,20,16,20,20,16,16,20,15,17,20,16,20,19,15,20,18,16,19,15,16,20,18,19,14,19,20
196,163,135,114,95,86,74,61,57,49,40,39,35,29,30,27,27,22,22,25,24,19,19,19,22,18,17,19,18,19,22,18,22,17,16,17,14,22,17,16,15,20,16,19,15,16,20,19,16,14,15,19,16,16,15,19,16,16,20,19,14,16,17,19,15,19,18,20,16,18,18,14,16,17,20,15,17,17,19,19,15,17,20,20,19,16,14,16,21,15,20,17,22,15,22,17,22,22,19,17,21,16,20,18,16,20,16,20,18,17,16,16,20,17,19,15,16,16,20,16,20,19,19,15,19,15,21,16,20,16,20,16,20,14,16,19,15,21,17,19,19,15,20,21,15,14,16,20,18,16,20,16,20,20,18,16,18,19,16,14,18,15,16,20,16,18,16,19,15,19,15,17,16,18,17,20,15,17,17,18,22,20,18,18,17,21,17,18,18,20,19,21,20,21,15,17,19,21,21,16,19,20,15,17,16,19,15,18,18,22,19,22,17,22,16,20,19,16,16,18,18,16,16,20,14,16,19,20,16,19,19,14,20,16,19,20,15,20,17,20,16,15,21,19,16,15,20,19,19,19,15,20,15,20,15,16
202,170,141,116,96,82,70,64,52,49,40,34,34,32,30,28,23,22,25,24,19,23,19,18,22,17,16,16,17,17,17,16,18,14,20,19,17,14,19,19,16,13,20,19,17,15,18,16,20,21,21,14,18,21,21,15,20,16,20,21,15,17,20,21,18,19,20,19,20,17,16,20,15,18,18,21,16,19,20,22,17,22,20,16,21,16,20,20,17,17,20,20,16,17,16,20,20,16,20,16,17,19,21,21,20,20,16,15,18,18,18,22,17,21,20,18,19,20,18,16,18,18,16,18,18,13,15,20,12,14,18,17,16,16,19,20,16,16,17,16,20,20,19,16,19,15,20,18,18,15,17,16,22,17,20,20,17,17,18,17,18,21,16,21,20,20,16,20,19,16,19,20,16,15,22,21,21,20,18,18,18,19,23,18,18,24,23,22,17,21,19,21,21,20,17,20,17,17,20,21,19,22,18,22,18,18,19,19,19,19,23,19,23,22,18,18,22,22,17,17,21,17,17,17,21,20,16,20,15,21,19,20,18,19,19,18,20,14,16,15,20,15,16,16,20,20,18,14,16,16,18,21,21,18,21,20
202,169,137,115,97,80,69,60,57,45,44,35,30,33,29,24,26,25,24,18,21,22,19,18,18,19,21,17,20,21,20,19,14,20,20,18,18,20,19,14,16,17,19,15,21,19,16,19,18,16,14,17,16,20,20,16,20,16,19,17,15,21,16,19,19,16,19,20,19,15,16,21,22,17,16,17,20,16,16,21,16,17,22,17,21,17,22,16,21,17,18,20,23,21,17,17,22,19,17,17,17,21,16,16,20,20,18,19,16,17,17,19,19,20,18,15,16,15,16,19,15,21,15,16,19,17,21,15,20,16,15,20,16,16,19,19,18,19,19,19,20,14,14,20,16,16,21,20,14,15,17,20,17,20,19,15,20,14,20,16,16,19,14,16,16,16,20,20,19,17,20,19,16,19,16,20,20,20,15,17,18,18,21,18,18,22,23,18,17,18,22,22,17,19,22,20,21,17,17,16,17,20,16,16,15,18,17,20,20,16,16,17,19,19,16,18,19,15,15,16,16,20,15,20,16,16,20,19,15,16,16,19,16,20,15,16,20,19,15,16,16,15,14,20,19,20,19,16,19,20,19,16,19,18,16,15
198,172,143,120,100,84,67,59,54,43,39,39,34,27,31,24,26,25,25,20,23,18,17,22,22,20,17,21,20,19,17,18,18,16,13,16,15,17,17,19,20,16,19,16,17,20,19,13,16,20,20,20,15,17,16,16,17,20,21,17,17,21,20,20,17,18,21,16,21,16,18,21,20,21,20,20,21,20,16,19,16,20,16,17,20,16,20,16,20,16,16,19,20,16,20,18,20,17,16,19,19,16,15,16,20,20,19,15,21,15,16,16,19,19,19,16,16,20,18,18,15,20,14,15,17,17,16,19,16,15,20,16,15,20,19,15,20,19,18,19,15,16,19,19,18,16,15,16,19,17,21,20,15,16,16,16,19,16,20,16,16,16,20,20,15,22,22,16,18,23,22,20,20,18,17,16,22,16,16,21,21,20,20,17,20,20,16,20,15,20,18,22,20,16,20,18,21,16,20,16,20,19,16,14,20,17,19,16,15,20,18,20,17,20,19,16,19,16,18,15,15,18,21,21,16,20,15,15,16,19,16,16,14,16,20,16,15,17,21,16,16,16,19,16,15,16,15,22,16,18,21,16,20,20,16,21
203,166,142,119,94,84,73,58,55,42,38,38,30,34,29,24,27,22,21,20,25,23,18,21,22,17,21,22,19,15,17,17,18,21,16,16,20,16,17,16,17,20,16,19,15,19,16,19,19,15,20,16,17,17,21,20,20,13,18,20,21,19,21,21,20,16,19,19,16,20,19,18,16,20,19,16,16,20,16,20,20,16,21,17,16,19,19,15,17,17,16,16,16,19,19,16,17,21,16,16,16,20,19,15,16,15,19,16,20,14,20,16,15,21,16,16,18,17,16,14,20,14,15,18,16,15,20,20,19,20,14,17,19,20,15,18,16,21,21,19,16,19,17,19,15,17,19,18,21,20,16,20,16,17,19,16,19,21,20,19,15,17,18,22,17,21,18,21,17,18,21,23,22,20,17,21,17,21,17,17,17,18,20,20,21,20,16,16,20,20,16,18,21,16,18,17,16,19,16,20,20,16,15,16,20,19,16,18,19,16,19,18,18,19,15,19,19,15,20,18,15,16,19,18,15,16,19,20,14,20,16,20,16,16,15,17,19,19,20,16,19,16,20,18,18,15,15,18,17,17,16,21,16,16,18,18
202,170,140,113,95,85,72,62,55,48,40,36,32,26,25,27,25,23,20,19,23,18,18,19,20,19,21,18,22,18,22,18,22,18,17,22,18,21,22,20,19,16,18,16,17,16,16,20,21,20,20,19,19,16,19,20,19,19,18,17,16,14,17,20,18,18,17,18,23,22,22,22,18,18,18,22,21,17,17,22,18,22,21,21,17,21,16,16,16,17,21,15,21,20,16,16,16,19,20,17,20,14,18,20,16,16,19,15,16,20,15,20,15,19,18,15,20,15,16,19,15,19,18,19,16,20,18,15,16,19,19,14,19,16,15,21,20,16,20,14,16,20,16,16,20,19,16,20,20,19,16,18,16,20,18,20,20,17,17,17,16,19,20,17,17,17,17,19,20,16,19,16,16,17,17,16,15,18,21,18,22,17,20,17,16,17,16,20,20,16,20,20,14,16,16,20,15,19,16,17,15,16,16,16,20,19,15,20,20,16,16,13,18,16,18,14,16,18,19,17,19,16,19,15,15,19,16,20,18,14,20,16,18,15,17,20,18,20,19,15,21,19,18,15,17,21,16,16,20,17,16,21,19,14,21,20
198,165,140,113,98,83,72,58,54,47,41,34,29,30,29,24,28,22,24,23,19,19,23,20,16,16,20,15,20,17,18,21,20,16,16,21,20,16,16,20,16,19,19,20,17,21,16,16,16,17,22,16,17,20,16,17,21,16,16,20,16,17,20,20,20,20,19,16,19,19,16,16,18,14,19,21,17,20,19,20,14,16,20,16,20,16,20,14,16,16,16,20,19,15,16,19,14,19,17,20,16,18,18,18,20,16,14,18,13,20,19,16,16,20,19,18,16,16,20,19,19,15,16,17,20,19,16,18,20,15,16,16,20,20,19,14,17,17,17,17,20,17,20,18,16,15,17,20,19,20,19,14,20,19,18,16,16,20,20,16,16,20,17,21,18,18,19,15,17,16,21,15,21,16,19,16,15,17,16,20,19,20,18,16,15,20,19,19,19,16,19,18,20,19,14,19,18,18,16,14,18,13,20,15,16,15,16,19,16,18,16,16,19,19,15,21,16,20,15,16,16,19,20,18,15,17,16,19,20,20,19,19,15,15,20,14,21,17,17,17,16,19,20,16,20,19,19,18,16,19,15,20,15,22,17,18
198,167,136,117,94,80,72,64,54,48,41,32,33,31,28,28,24,20,24,22,18,23,23,22,21,20,20,16,15,17,19,19,21,21,17,21,21,16,19,17,21,17,17,20,20,16,20,18,19,18,20,20,20,18,20,20,16,18,17,18,18,22,18,19,22,22,20,22,19,22,18,18,19,23,20,22,18,20,17,22,21,20,15,16,16,19,20,20,16,19,17,14,20,16,20,18,16,14,19,16,15,20,16,20,16,19,16,19,16,17,19,15,19,19,19,14,16,19,15,20,20,20,16,18,14,20,20,20,20,20,20,19,16,20,20,19,16,21,19,16,16,16,21,20,17,16,20,20,16,19,16,16,19,16,20,20,16,18,19,19,19,16,18,15,20,20,16,16,17,17,16,17,19,15,16,15,21,21,20,19,16,19,14,15,17,21,20,18,20,18,20,17,19,18,19,16,14,19,20,19,16,18,19,15,16,17,19,17,17,17,18,14,14,19,19,19,19,19,17,19,19,18,19,18,19,16,20,18,14,20,20,20,19,17,17,19,16,20,16,20,17,21,20,16,16,16,21,21,21,17,20,16,16,20,20,17
194,163,138,115,93,83,68,58,54,43,43,35,32,32,29,27,22,22,25,21,20,24,20,19,22,19,18,19,20,23,23,22,23,22,20,18,22,24,17,22,22,21,18,23,18,17,22,22,23,22,18,18,18,19,24,19,23,17,17,21,22,17,21,18,17,18,21,22,21,17,19,16,20,16,16,20,16,16,16,16,17,16,20,20,16,20,16,19,19,15,20,20,16,19,19,19,13,15,16,16,16,20,20,19,16,15,20,20,20,19,16,19,19,20,17,20,20,18,15,16,16,20,19,16,16,20,16,16,17,16,17,21,20,17,17,21,16,22,21,16,19,20,20,16,20,16,16,21,17,20,20,16,19,16,20,20,20,20,16,18,19,16,16,20,21,21,16,15,20,20,17,19,16,20,20,20,19,16,16,16,19,16,16,20,14,16,17,21,21,16,19,16,15,17,16,16,20,18,19,16,15,19,21,21,18,19,15,19,19,15,19,20,16,15,16,20,21,16,20,20,20,20,19,19,18,19,16,16,16,20,20,21,20,16,16,15,16,18,18,23,21,17,18,18,19,23,17,17,18,23,23,22,22,18,18,22
193,165,133,114,92,78,72,63,51,43,42,33,34,27,28,28,27,22,22,22,21,20,25,25,19,23,18,23,23,19,17,18,21,22,22,17,17,21,18,22,16,21,21,18,21,20,19,19,21,16,19,20,16,20,20,16,15,18,21,19,15,19,16,20,18,16,15,20,20,19,19,14,19,20,14,16,19,19,19,18,18,16,18,19,16,17,16,16,16,13,17,17,18,17,13,13,18,18,19,14,18,18,19,19,15,19,15,20,19,16,15,17,21,21,16,18,20,19,16,19,19,19,18,18,16,19,20,20,19,15,17,17,17,18,16,18,21,21,19,16,20,20,16,16,21,20,19,17,16,16,16,19,19,14,16,19,19,15,16,19,19,19,20,15,20,16,19,16,16,16,19,18,16,19,20,16,16,18,18,19,15,16,20,20,15,19,16,15,20,21,19,16,16,16,16,17,15,16,19,19,19,15,19,19,19,13,19,14,20,19,15,21,20,20,19,16,15,20,20,16,20,16,19,19,20,19,15,16,18,16,20,15,17,20,16,20,15,17,22,21,16,20,15,17,17,21,19,20,20,16,19,14,16,20,16,20
192,159,137,115,95,83,67,61,49,44,38,39,32,32,27,24,24,22,21,25,20,24,19,20,19,21,18,19,18,22,19,22,23,21,16,17,16,17,21,17,16,19,17,16,15,20,19,17,14,16,20,16,16,19,20,16,15,20,19,19,19,15,16,19,19,21,14,20,18,19,19,15,17,18,20,15,20,16,19,15,16,16,16,15,21,19,20,19,14,16,18,17,15,16,21,14,20,17,17,16,16,16,19,15,16,14,21,17,16,16,18,21,20,15,21,15,19,22,19,22,18,17,21,20,16,19,19,16,16,20,20,20,19,19,19,16,15,22,20,17,20,17,21,17,20,19,15,20,16,19,20,18,18,18,16,18,19,19,20,15,16,16,19,16,16,20,15,20,16,19,19,14,20,19,19,19,14,19,18,16,19,14,16,14,20,20,18,14,18,16,14,16,18,15,16,16,15,20,19,17,17,17,17,12,17,16,18,16,19,16,16,16,20,20,15,20,19,20,20,17,16,22,16,16,17,21,20,19,20,16,18,15,16,16,17,16,19,16,16,20,17,15,18,20,17,17,17,20,20,19,20,19,18,16,19,16
194,158,134,113,98,79,73,62,52,48,39,34,35,33,24,23,27,22,26,24,19,23,20,22,19,20,22,23,19,22,19,22,17,23,16,18,18,21,20,18,18,19,22,22,16,20,21,21,20,16,16,19,17,19,15,16,16,16,16,15,20,15,18,16,20,18,20,15,21,19,16,19,19,18,17,18,18,14,15,16,18,20,21,19,14,16,18,15,20,15,21,19,17,19,14,20,20,19,16,14,16,20,20,16,16,17,20,17,17,19,20,16,16,16,14,21,20,20,21,20,19,18,17,17,20,16,21,17,17,22,16,16,18,22,22,17,16,21,17,20,16,16,17,21,21,17,16,18,20,18,19,19,14,20,20,15,20,20,19,17,18,18,15,20,19,18,15,20,16,19,15,20,16,15,16,16,17,18,17,20,20,19,15,17,17,18,16,20,15,18,20,18,16,15,19,16,16,19,19,18,19,15,16,15,20,18,21,17,20,15,22,18,23,17,17,17,19,20,20,19,20,20,19,16,20,16,21,17,19,16,20,21,17,16,18,21,20,20,16,17,20,16,17,21,19,19,16,15,17,20,20,18,15,16,16,16
196,164,134,114,95,81,72,62,50,46,44,34,36,27,28,27,29,24,23,23,24,25,21,21,20,24,19,20,23,23,18,19,19,21,18,18,18,22,22,22,19,23,18,22,17,16,20,17,20,18,16,17,22,16,19,19,18,14,18,20,20,19,14,16,20,19,15,16,16,15,19,18,16,16,20,13,19,16,16,16,16,19,20,20,15,20,20,20,17,16,16,17,16,16,17,21,21,21,16,20,19,16,20,18,16,16,21,20,17,17,17,17,22,23,17,17,19,17,21,20,17,17,21,21,20,16,19,21,17,18,21,16,18,18,19,18,22,22,21,17,19,18,20,18,22,22,21,20,15,18,21,21,20,15,16,17,16,16,16,19,15,16,16,19,20,16,16,19,18,19,15,19,18,14,19,16,17,15,15,17,21,17,21,15,16,23,17,20,20,20,19,16,16,20,18,19,21,18,19,19,19,18,15,16,22,22,21,19,20,18,18,18,21,19,20,17,17,20,16,16,16,21,15,17,21,21,21,21,18,16,16,20,15,16,20,19,20,18,16,19,16,19,19,18,18,20,16,15,16,15,17,20,20,17,19,17
194,164,139,118,94,81,72,63,52,46,44,36,37,30,28,28,25,28,27,27,25,23,20,24,23,18,18,23,23,22,20,18,23,23,22,16,20,17,17,17,21,16,16,21,20,16,18,16,16,16,18,19,19,16,16,16,16,16,16,19,16,15,16,16,16,20,15,17,17,16,20,20,16,19,16,18,20,20,15,16,20,16,16,18,20,16,20,20,16,16,17,21,17,18,22,18,18,19,18,20,23,19,20,22,19,20,23,23,19,19,23,22,22,17,18,18,18,19,21,18,19,20,17,22,23,21,20,21,20,16,20,16,16,20,16,16,16,21,16,16,15,21,20,16,20,20,19,15,16,17,20,21,20,14,17,21,16,15,17,16,16,20,21,16,16,19,18,20,20,16,15,19,16,15,17,22,20,20,18,16,16,21,17,21,19,19,15,19,17,18,18,22,18,18,16,21,18,18,23,22,18,22,22,23,17,20,21,20,16,20,17,21,22,17,17,17,18,21,17,16,20,20,20,18,17,17,17,17,21,20,15,20,21,17,20,17,20,20,20,16,15,17,17,21,16,16,17,21,17,16,16,17,16,20,19,19
194,163,136,118,100,80,67,64,55,46,45,39,32,33,30,24,23,24,23,27,22,21,25,24,17,19,18,23,19,23,22,18,19,18,22,18,18,22,19,21,20,16,16,20,20,19,14,21,20,16,15,16,19,17,15,20,19,21,16,16,19,19,19,16,20,15,18,18,21,17,16,20,19,21,20,15,20,15,17,21,20,20,17,20,18,18,22,22,17,17,18,22,21,21,17,16,18,22,17,19,22,20,17,17,17,22,21,17,23,17,22,18,18,21,17,16,22,17,18,21,17,16,18,18,21,16,21,21,16,20,20,15,21,17,17,15,19,15,16,19,19,19,14,14,20,15,20,17,20,17,15,17,16,16,20,20,16,15,16,20,16,21,19,18,16,16,19,19,15,19,18,15,20,19,18,17,16,15,17,21,17,17,17,21,16,18,16,20,20,21,21,19,15,19,17,17,20,20,15,17,18,21,21,22,17,16,20,16,17,16,21,21,18,22,22,18,22,22,22,17,22,16,16,17,16,20,16,20,16,16,16,16,16,16,16,16,17,19,18,20,15,16,16,18,16,16,20,18,16,19,15,20,16,15,17,16
198,170,136,115,98,80,69,63,56,48,38,38,30,29,28,26,28,22,23,26,21,21,23,18,22,22,22,18,18,19,22,21,18,16,21,21,17,17,16,17,21,20,19,16,19,16,18,15,20,20,19,19,19,20,16,20,19,18,16,16,16,16,19,19,15,20,20,16,16,20,16,16,16,19,17,16,16,19,21,20,16,19,17,18,18,18,21,17,22,21,21,17,21,19,16,18,20,17,17,18,21,21,19,20,21,17,19,16,20,17,17,21,21,20,20,20,16,19,16,16,16,16,16,17,21,16,16,20,16,19,15,17,18,17,16,20,17,14,19,19,16,20,19,14,16,19,15,20,15,19,19,19,16,15,17,16,19,16,17,16,21,18,19,15,20,19,20,20,20,14,20,16,20,16,21,16,20,16,16,16,21,17,17,21,19,16,20,21,20,16,20,16,16,20,17,18,22,21,21,21,20,16,20,20,21,20,20,21,18,20,19,18,17,21,20,16,17,20,17,21,20,20,16,20,19,20,20,19,19,18,15,20,15,17,15,19,17,20,17,19,16,14,18,16,17,21,21,20,20,16,16,20,20,17,15,17
201,171,141,118,95,86,70,61,57,48,39,40,31,33,26,24,27,26,25,24,22,18,21,18,18,22,21,21,17,21,21,16,20,20,20,16,14,20,16,16,15,17,17,20,16,20,15,16,15,18,21,17,22,20,20,19,17,16,16,16,18,20,17,20,17,17,19,20,16,20,19,20,16,19,19,22,20,16,19,19,16,20,20,20,18,20,20,15,17,18,17,21,18,22,21,21,20,17,17,17,19,17,20,21,17,17,19,20,20,20,18,15,19,21,21,20,20,20,16,19,19,19,15,18,19,16,16,19,18,19,19,14,18,20,15,20,20,18,15,19,15,16,16,20,20,19,18,14,20,19,16,19,18,15,16,20,17,15,16,16,16,20,20,16,16,19,16,16,20,20,16,19,17,18,20,20,18,22,19,22,16,19,17,22,21,19,19,19,16,16,15,18,19,22,19,18,22,18,20,19,22,22,18,22,20,21,18,21,19,18,21,22,17,22,18,21,20,16,21,17,16,16,20,19,20,15,16,16,16,14,19,16,15,16,20,20,15,22,17,19,19,16,18,19,19,16,19,19,18,18,18,18,15,14,16,15
203,167,143,118,97,85,74,64,55,48,41,34,31,30,27,26,28,27,20,24,23,19,20,20,18,20,22,23,21,21,17,16,17,17,21,16,16,16,19,15,20,17,21,15,18,20,20,21,15,22,17,19,19,16,21,16,19,16,16,20,16,19,19,20,19,16,15,17,21,22,21,18,21,19,17,18,21,17,21,20,17,22,20,21,21,17,17,17,21,21,18,21,22,17,17,21,16,19,16,16,16,20,16,16,16,17,19,15,20,20,20,19,16,16,16,20,16,19,15,20,20,17,17,18,14,20,15,21,20,13,19,14,20,16,20,18,17,14,18,19,18,18,14,17,16,21,16,16,20,16,16,16,20,20,20,18,19,15,20,20,20,15,20,16,20,16,16,20,21,17,16,16,17,18,18,22,22,21,22,21,21,17,17,16,17,17,20,17,21,18,18,21,22,19,21,17,19,21,17,20,19,19,19,15,18,20,16,19,15,18,17,20,20,19,19,19,15,19,19,16,18,14,19,19,16,18,18,18,19,14,19,15,16,15,17,16,16,19,18,18,18,17,18,18,18,18,14,19,20,19,15,19,17,16,17,17
199,170,141,115,97,81,69,61,52,47,43,35,31,28,30,26,27,25,22,25,20,20,20,20,22,21,17,21,16,21,16,16,19,18,15,16,20,22,14,16,18,16,21,19,14,20,16,16,16,16,19,16,15,20,19,16,17,16,16,16,18,16,18,18,17,20,17,21,20,21,18,21,20,18,18,19,21,21,21,20,20,17,17,18,18,17,17,17,19,22,17,18,18,21,17,16,18,20,20,20,16,18,19,20,14,15,16,16,16,17,15,16,15,17,20,20,16,16,19,15,20,16,20,21,19,16,19,16,19,16,19,15,16,16,16,20,19,19,19,19,16,18,18,15,19,14,17,17,22,20,15,20,19,20,19,16,19,19,16,14,16,21,16,21,21,20,15,21,20,16,20,18,15,20,16,20,20,16,16,20,20,19,16,18,17,20,16,16,17,20,15,20,16,20,20,18,21,19,19,18,15,16,16,20,19,15,18,20,17,16,20,20,15,21,18,19,15,17,20,15,16,15,19,21,16,19,19,16,14,19,19,19,18,15,19,19,17,18,19,18,15,19,16,16,19,16,18,16,15,19,19,16,15,20,16,16
199,167,143,120,99,80,72,61,55,46,37,34,32,29,27,30,28,26,20,24,19,23,18,21,17,20,21,16,17,19,15,21,17,21,16,17,20,15,21,17,16,19,19,19,16,15,16,20,21,20,20,20,20,16,19,16,21,22,20,15,21,16,16,19,16,19,20,20,19,16,19,18,16,20,15,21,19,18,17,16,19,17,16,20,16,16,16,17,17,20,16,19,16,19,14,20,16,19,19,15,19,18,18,15,16,15,16,20,19,19,16,18,18,18,15,19,16,19,19,15,16,18,19,19,16,17,14,15,20,16,20,20,19,15,18,19,17,15,16,20,19,18,20,18,17,20,21,19,20,15,20,16,20,17,16,16,19,19,17,21,20,16,23,19,16,17,20,17,20,18,16,16,16,19,20,19,15,20,16,16,15,21,20,20,15,20,20,20,16,15,16,18,16,19,15,19,16,15,20,16,19,16,15,16,19,12,19,15,16,14,16,19,16,20,18,17,18,14,18,16,15,17,17,19,16,19,19,16,15,16,19,18,19,18,14,15,16,16,17,16,16,19,16,20,14,20,16,16,19,19,14,18,20,19,16,20
196,168,139,118,95,82,73,63,49,46,37,37,32,25,27,22,25,20,19,20,22,22,22,17,20,16,16,20,15,21,16,18,19,19,17,16,17,18,15,19,16,19,18,16,20,17,17,21,18,17,18,22,22,21,16,17,20,20,17,18,21,17,20,17,16,21,20,20,16,16,16,16,16,20,16,18,20,16,21,16,16,16,14,20,15,21,20,19,19,17,18,15,18,18,15,16,19,19,15,16,16,16,20,19,15,20,20,19,17,15,19,18,14,16,16,16,18,18,15,17,16,20,17,18,14,19,16,20,15,20,19,19,19,19,15,19,19,19,18,15,16,19,18,16,15,16,20,19,20,19,20,19,16,16,20,15,16,19,20,20,15,18,21,17,21,20,20,16,20,16,19,20,15,16,16,15,20,16,20,16,19,16,19,14,17,20,17,16,20,16,20,15,17,15,20,18,18,14,21,19,15,18,18,18,15,16,18,15,20,18,14,19,15,21,18,19,19,18,19,15,15,18,18,14,16,16,19,18,16,19,15,16,17,18,17,20,18,15,20,16,14,19,20,18,17,16,14,18,18,19,20,16,21,20,20,14
198,167,139,113,97,79,72,59,53,46,40,36,28,29,29,23,26,26,24,22,22,20,18,21,18,18,18,18,18,23,22,18,18,18,23,21,18,21,17,17,17,17,20,20,16,19,19,16,20,15,20,18,21,18,21,17,19,16,20,16,15,20,21,17,21,17,20,19,16,20,15,16,19,19,16,14,19,20,20,15,20,19,15,16,16,18,19,16,18,15,19,19,18,14,19,18,14,16,19,19,14,17,15,20,19,18,18,15,16,16,14,16,17,18,17,14,18,15,19,19,14,19,20,16,15,16,16,19,18,16,14,19,20,19,19,19,19,14,17,16,20,16,21,15,17,19,22,19,20,19,15,18,18,20,21,21,20,19,16,21,20,20,20,16,15,17,20,16,17,20,16,19,19,19,20,15,17,20,18,20,19,19,15,16,16,20,19,16,18,16,18,15,16,20,20,19,16,19,18,14,15,21,20,20,16,15,20,17,19,19,15,19,15,18,18,20,19,18,20,16,21,17,20,19,17,16,19,18,21,18,16,16,20,16,20,17,20,16,16,17,20,17,17,20,17,17,19,20,17,21,19,15,18,20,16,20
193,162,133,117,98,79,67,59,55,45,39,35,34,32,25,25,28,26,21,21,21,23,25,24,18,19,22,22,22,19,22,22,22,18,22,21,23,20,22,21,17,17,17,18,22,22,18,22,18,23,18,22,23,18,22,21,21,22,21,22,17,21,21,21,16,17,17,16,21,21,15,21,21,16,20,19,16,16,19,16,19,18,15,16,20,15,22,21,16,20,19,19,20,19,15,16,15,20,19,19,16,19,16,19,16,20,18,20,16,19,19,15,17,19,19,15,16,15,17,16,21,21,20,19,16,19,17,17,16,20,16,16,20,20,17,20,16,15,20,15,21,18,21,17,21,16,17,22,19,19,18,18,23,17,18,19,23,18,18,18,19,23,19,23,19,18,22,17,20,18,18,19,20,17,22,22,22,21,20,19,15,20,19,17,20,16,16,15,18,16,17,20,16,16,16,20,20,20,19,16,16,19,19,15,16,19,19,15,15,20,20,19,16,15,18,20,20,19,19,19,17,18,19,19,18,15,16,20,16,20,19,20,19,16,19,18,16,16,18,21,21,21,16,15,22,17,17,22,21,22,18,17,22,18,18,18
197,161,138,112,98,77,69,64,50,48,41,37,30,28,30,28,23,26,26,25,23,18,20,23,18,22,19,19,21,22,18,18,22,22,18,21,22,22,17,18,18,17,22,20,20,18,18,21,21,21,21,17,16,20,20,19,14,17,17,22,19,17,20,16,16,20,19,16,19,18,17,17,18,13,15,16,20,15,16,20,16,19,19,15,20,19,15,16,20,16,19,15,19,16,19,15,18,13,16,19,16,19,18,16,19,19,15,15,16,17,18,16,20,20,15,16,19,16,17,20,15,17,21,16,17,17,21,22,20,20,21,19,19,15,21,20,19,16,14,18,18,22,22,18,17,21,20,20,17,17,17,20,17,15,17,17,19,16,20,16,16,18,15,17,20,19,16,18,19,15,16,16,16,15,20,21,19,20,16,15,20,18,18,19,16,15,19,18,18,19,16,18,19,18,19,18,18,20,20,18,14,15,16,16,20,18,18,18,15,16,16,19,19,18,19,18,18,19,15,20,19,16,20,19,15,16,16,20,15,21,18,20,16,18,17,16,20,17,20,19,17,16,16,20,16,16,17,17,20,16,20,20,16,16,20,16
193,160,133,115,92,82,68,58,54,47,42,38,31,29,28,26,26,28,23,28,21,25,24,24,19,21,23,21,19,19,18,22,18,22,18,18,17,22,21,17,21,19,16,18,18,19,17,21,18,21,17,16,16,19,17,20,20,16,16,16,17,20,15,16,17,16,16,16,16,20,19,14,21,20,15,20,16,19,16,19,15,20,15,16,20,18,18,15,20,20,15,19,16,18,20,18,13,17,16,15,19,19,18,21,14,18,20,19,16,16,19,19,15,16,16,20,15,15,17,17,22,19,20,21,19,19,15,18,16,21,20,19,16,19,19,19,20,18,16,19,16,16,21,16,16,16,16,20,20,17,17,20,16,17,20,21,20,18,20,14,19,18,18,19,14,19,16,19,16,19,20,15,19,19,18,15,15,17,21,17,15,17,15,15,17,16,16,15,20,16,18,15,19,15,20,20,19,18,15,17,16,16,16,15,17,16,19,19,19,18,14,20,14,16,19,17,20,20,18,15,21,16,18,20,17,17,15,21,17,20,20,18,19,19,18,16,16,19,19,16,17,18,21,21,17,15,16,20,20,19,16,16,19,16,16,15
191,163,133,112,96,78,72,58,50,48,43,34,34,29,26,27,28,22,27,22,20,19,20,24,22,22,19,18,18,19,18,18,20,23,20,21,19,21,21,21,17,17,21,17,20,19,20,15,16,16,21,17,20,16,15,20,15,15,19,15,16,20,16,16,19,18,19,14,16,15,20,19,19,19,14,16,20,19,15,21,21,20,16,15,16,16,19,17,17,19,15,16,20,20,18,19,20,14,16,20,16,18,16,19,19,16,18,19,19,17,19,15,19,19,16,19,17,15,16,16,21,21,20,16,16,19,16,18,16,17,17,18,17,17,20,16,20,16,16,20,19,19,19,19,15,17,17,17,20,19,20,16,15,20,20,17,20,19,19,19,16,14,18,15,19,16,19,17,17,16,15,19,19,14,17,20,18,14,19,19,18,13,14,16,15,16,19,19,16,15,16,15,16,15,21,21,19,16,20,17,19,16,15,18,19,15,17,16,19,16,19,20,16,15,21,20,16,16,19,20,16,20,15,16,21,16,16,15,20,16,19,16,20,19,17,17,17,16,20,20,17,17,20,16,20,20,15,16,14,18,21,21,16,19,18,16
192,165,137,115,95,78,72,59,51,44,42,35,36,27,32,25,23,21,26,26,21,25,24,23,23,20,21,22,20,21,21,16,21,16,17,20,16,16,21,20,17,16,20,21,16,19,19,19,16,19,20,16,18,19,15,20,15,22,20,20,18,19,19,16,16,19,18,18,19,15,15,16,19,16,20,15,19,16,20,18,15,16,21,20,20,18,15,20,20,21,19,19,17,15,20,16,16,20,20,20,16,20,20,15,18,18,19,21,18,23,21,18,23,21,18,21,18,22,16,16,21,17,21,16,16,17,21,20,16,16,16,16,20,19,19,19,19,19,18,19,18,15,20,15,16,20,18,20,20,19,15,17,16,20,16,16,20,15,17,20,17,15,19,20,19,16,18,15,17,16,20,16,16,16,16,20,20,15,20,20,20,20,19,14,20,17,20,19,19,15,20,18,19,21,17,20,20,19,16,20,15,17,18,17,17,21,17,18,21,17,18,17,18,23,22,22,16,18,21,18,17,18,22,18,18,22,18,22,19,18,21,18,17,23,19,17,21,17,17,16,20,19,15,17,21,17,20,20,15,16,20,17,16,19,16,17
197,166,138,113,97,78,72,60,51,44,44,39,36,32,25,28,23,27,25,25,21,24,23,19,19,23,19,21,22,22,22,18,21,19,22,21,21,22,18,17,17,16,21,17,16,16,20,16,20,18,16,16,19,15,20,18,16,16,16,15,20,20,20,15,20,20,20,16,19,16,15,21,16,20,17,16,16,17,15,16,16,17,21,20,17,21,16,16,15,20,16,16,20,16,20,20,18,21,17,18,21,20,19,16,16,20,20,20,19,17,20,19,18,16,20,16,20,16,17,20,16,17,17,18,21,18,17,21,21,16,21,16,16,15,17,20,20,19,16,15,18,14,17,16,19,19,18,15,16,19,15,19,16,19,14,15,17,21,20,19,14,16,15,20,20,16,19,16,19,14,19,19,19,16,18,12,18,18,19,18,14,16,20,16,16,18,16,14,19,16,16,15,16,15,21,20,20,20,18,18,16,16,21,16,18,15,17,17,20,18,16,19,16,21,19,19,16,19,17,18,18,19,16,19,15,16,20,20,15,19,19,19,19,20,14,21,17,19,15,15,16,20,16,20,19,19,15,20,15,16,16,19,19,17,13,16
196,162,139,115,94,85,68,64,55,44,40,39,33,28,27,30,29,28,22,27,20,24,19,24,22,23,22,19,17,18,22,20,22,17,21,21,20,16,16,16,19,15,18,14,16,17,16,16,19,20,19,16,18,15,20,15,20,19,16,19,19,14,15,17,16,17,17,17,20,20,16,21,18,19,15,16,19,19,17,20,19,15,20,16,20,20,15,20,20,20,19,17,20,16,17,17,17,16,17,17,20,16,15,21,17,18,17,18,18,18,19,22,22,22,18,18,20,19,21,17,20,17,21,17,19,16,16,20,16,16,18,19,16,20,16,19,19,15,16,16,19,15,16,20,19,16,18,19,16,14,16,16,16,20,17,18,14,18,16,18,19,21,16,16,20,16,16,15,16,19,16,18,19,16,18,20,14,16,20,16,16,18,16,20,16,17,21,19,19,19,16,19,19,20,16,16,17,21,17,15,22,20,16,21,21,19,17,18,16,17,21,21,20,16,16,21,20,16,16,16,21,17,16,20,16,17,16,16,16,18,20,21,16,19,19,14,20,16,19,15,20,15,20,16,21,19,16,14,16,19,20,19,18,19,18,14
195,168,134,114,95,84,69,62,56,44,43,37,35,27,26,25,27,22,27,20,21,21,24,22,22,18,18,19,22,23,18,18,21,21,16,20,16,16,16,19,19,19,19,15,20,16,18,13,16,19,19,19,14,20,16,17,20,15,19,19,16,19,19,19,16,14,16,15,17,20,20,19,14,16,16,16,16,14,19,16,18,20,16,16,20,21,16,15,21,21,20,20,16,17,19,20,20,15,20,21,19,16,19,15,21,17,20,16,20,20,19,20,15,17,20,16,19,15,19,16,16,18,15,17,20,20,20,17,17,13,18,16,19,14,20,13,19,15,16,19,19,19,18,18,20,18,14,19,19,15,16,16,19,19,19,17,17,13,14,19,15,15,15,16,16,17,17,19,20,19,16,20,15,15,16,16,16,18,16,16,21,20,19,19,18,16,18,16,18,21,16,21,20,20,20,15,18,17,18,18,18,19,18,21,21,20,17,16,17,21,17,21,17,20,16,16,19,15,20,20,16,20,15,21,21,15,20,18,19,18,19,15,15,17,20,19,15,15,19,19,18,15,17,16,18,20,19,18,19,18,13,16,18,15,15,20
199,169,135,115,102,85,71,60,56,48,42,34,35,28,26,28,23,23,22,22,21,25,23,18,23,22,17,18,17,16,20,19,14,21,16,20,16,19,16,15,16,18,19,19,16,19,17,19,15,16,14,20,16,20,20,20,16,17,17,16,14,16,19,15,20,15,20,19,19,19,17,14,16,16,20,19,15,16,15,17,16,17,17,17,18,17,18,18,21,18,17,17,22,17,18,20,15,20,19,21,17,19,20,16,20,18,18,21,21,21,19,19,16,16,20,19,15,16,19,16,16,16,16,17,19,16,20,19,18,15,15,19,16,15,17,16,16,16,16,17,21,16,20,16,19,19,14,16,16,15,18,15,17,17,19,18,18,14,17,17,19,14,17,20,15,18,22,20,14,20,18,20,20,16,20,15,20,16,16,21,20,16,20,17,17,20,19,17,20,16,15,21,20,21,17,16,17,16,16,20,20,15,18,18,21,17,20,21,20,20,16,16,19,16,20,16,17,15,18,21,16,15,16,20,16,16,19,16,18,15,19,16,19,17,18,18,18,15,16,18,14,16,16,16,18,14,19,19,19,14,19,16,16,20,15,16
200,169,136,114,99,82,69,62,54,44,42,35,35,31,27,24,23,22,25,20,25,18,23,18,20,20,17,21,20,18,20,17,20,20,16,15,16,17,20,15,16,19,16,16,20,20,19,16,18,16,14,21,16,16,20,17,19,20,17,19,19,19,15,20,19,20,15,20,16,20,17,17,20,19,20,20,19,20,16,19,16,19,16,20,20,17,18,16,16,15,18,22,18,18,18,23,20,22,20,22,16,20,20,17,17,21,20,19,15,16,16,20,16,19,15,16,20,16,16,20,19,19,19,14,19,15,15,21,20,19,18,18,20,18,16,13,15,19,17,14,15,16,19,13,20,16,17,16,16,19,16,16,20,16,16,21,16,20,19,19,17,15,16,20,19,20,19,20,19,15,16,20,19,19,21,21,16,18,15,17,21,20,21,20,16,20,15,21,17,16,20,20,20,21,21,16,18,17,20,17,18,20,22,17,21,19,20,16,16,16,16,16,19,20,19,19,19,18,15,16,16,20,19,19,16,18,19,16,19,16,19,17,16,16,16,17,18,15,15,19,15,21,16,19,15,15,16,20,16,20,19,20,19,15,20,16
203,170,138,115,99,86,69,60,52,47,40,40,35,32,29,23,27,22,26,24,19,19,22,19,19,21,18,21,21,20,19,19,17,19,16,19,19,16,19,15,19,20,20,16,19,19,16,19,19,16,19,15,20,17,17,20,21,20,16,20,19,17,20,20,16,16,19,22,16,16,20,21,20,19,16,16,16,20,16,16,17,21,17,23,17,17,22,17,20,15,17,18,20,18,21,18,20,18,19,17,22,16,16,17,16,19,20,16,16,16,19,20,15,20,19,17,19,19,15,19,15,19,17,16,16,16,20,16,19,19,18,14,19,15,21,16,20,19,18,14,19,20,16,13,15,20,20,21,19,14,17,19,17,16,20,19,16,20,19,19,19,19,15,16,17,16,20,20,20,20,17,15,21,21,19,17,16,20,20,20,17,18,16,21,21,20,17,19,17,15,20,21,20,19,17,16,17,20,19,20,16,15,16,21,17,18,20,16,20,20,16,19,18,19,19,15,16,15,20,20,19,16,19,16,16,20,17,16,18,19,15,20,17,16,16,17,20,20,15,18,18,16,15,21,16,20,19,19,20,18,15,17,20,19,19,17
199,166,139,120,96,81,69,60,55,49,39,36,32,25,28,26,24,23,22,18,18,19,17,22,18,18,16,19,16,20,16,17,12,14,20,16,18,19,16,16,16,19,19,17,17,17,16,16,12,19,17,13,16,15,17,18,19,15,20,21,21,19,19,20,16,16,14,17,16,16,18,16,15,18,18,17,16,16,21,17,18,21,21,16,21,18,20,19,15,16,17,16,19,20,16,17,15,20,15,16,20,15,15,20,16,16,18,15,20,20,19,18,15,15,17,19,19,15,16,16,16,15,16,19,16,19,18,19,19,13,14,16,16,17,20,18,18,19,19,19,18,15,16,16,18,18,15,16,16,20,21,16,19,16,19,19,16,15,17,21,20,16,16,16,16,20,15,20,20,20,16,14,16,20,15,17,16,16,20,16,16,19,19,17,19,15,19,20,16,15,17,20,19,16,18,15,19,16,16,19,19,15,17,16,16,15,16,15,17,17,17,15,20,19,15,17,14,20,19,15,20,19,19,15,20,18,14,20,19,16,20,18,14,19,15,20,18,15,19,19,16,14,20,19,15,20,15,18,18,20,20,20,20,17,20,21
202,168,138,111,98,78,69,64,55,43,40,36,28,28,27,25,22,27,21,25,21,18,18,23,22,17,16,20,21,17,19,20,20,19,20,18,18,19,19,15,19,15,16,16,20,20,16,20,20,17,19,18,16,21,15,21,16,20,16,18,20,19,17,17,19,21,16,14,19,17,19,21,20,16,20,20,15,21,19,18,19,20,16,16,22,21,17,16,18,17,21,16,21,20,18,15,15,20,16,20,20,17,18,19,14,15,16,19,15,16,16,20,21,16,15,21,19,19,19,16,18,14,19,16,16,16,20,16,19,20,15,21,15,18,19,19,19,15,16,19,16,16,19,16,20,20,20,19,17,16,21,19,18,16,19,16,19,15,20,16,20,15,20,20,20,16,16,16,21,20,16,19,17,17,19,18,20,16,19,20,19,18,19,15,19,19,15,16,19,20,16,15,17,20,19,19,19,18,18,19,18,15,19,16,16,19,14,18,16,19,17,16,18,14,20,20,17,14,16,15,21,15,17,20,21,20,18,16,18,16,19,17,14,16,19,20,18,16,20,17,15,14,16,20,20,16,16,19,16,20,19,19,17,22,18,16
198,170,141,115,100,83,73,59,55,43,39,37,35,30,25,23,26,26,25,19,22,22,22,21,18,22,23,21,18,17,16,17,15,18,17,18,18,19,22,18,21,21,17,22,18,22,20,18,22,22,22,21,21,21,22,16,20,16,20,17,17,21,20,16,16,17,21,19,16,16,20,22,20,20,16,16,20,15,17,17,21,15,16,19,20,16,16,19,15,20,16,20,15,20,19,16,18,18,19,15,20,15,19,15,20,16,20,14,20,18,19,19,17,19,18,13,15,20,16,19,20,19,14,19,19,20,15,19,15,16,15,21,21,16,16,16,20,15,21,20,15,21,17,18,20,17,16,16,18,19,21,21,16,17,18,16,22,16,21,21,20,16,16,16,20,21,20,19,20,16,20,16,15,21,20,16,16,16,20,20,16,16,16,20,20,16,19,19,16,20,16,15,15,20,21,16,16,19,19,19,18,17,14,16,14,21,15,16,18,21,21,17,16,17,16,19,19,15,18,14,19,16,19,15,19,15,20,18,19,15,20,16,15,21,17,21,20,15,21,16,19,16,14,16,20,17,16,19,19,20,15,17,20,20,20,19
200,163,138,118,98,82,67,62,51,44,39,37,32,33,25,26,23,25,23,18,17,21,18,21,21,18,15,17,17,17,20,15,18,17,21,17,20,15,21,18,21,16,16,20,20,19,16,15,16,21,16,14,17,17,21,21,21,17,18,18,21,20,16,21,17,16,14,17,16,20,15,20,16,21,21,15,16,20,20,16,15,16,19,19,15,19,18,19,18,16,15,13,20,18,16,17,19,13,18,15,19,18,15,16,15,19,16,16,16,16,15,19,19,18,16,20,13,17,21,19,19,14,16,18,20,14,20,20,16,16,16,20,16,19,18,17,20,18,17,16,19,17,21,20,19,19,15,17,16,20,19,16,16,19,19,19,15,21,17,16,16,19,20,20,20,20,17,19,16,19,19,16,16,18,15,15,16,20,16,20,16,16,16,20,19,16,15,16,21,14,17,21,19,19,16,14,17,16,20,20,15,17,17,20,19,15,20,18,15,19,14,20,19,15,16,15,15,18,20,20,16,20,20,20,15,16,14,17,17,21,20,14,20,16,20,16,16,21,17,16,19,19,16,15,17,21,20,16,15,21,17,21,21,18,18,17
195,163,136,117,98,83,66,59,52,46,41,39,31,34,28,24,24,23,24,20,22,24,18,19,19,20,23,22,21,19,20,18,17,21,22,16,18,22,18,18,19,19,18,21,23,19,17,21,21,16,19,21,16,21,21,16,16,16,20,16,16,20,19,15,17,21,15,19,15,16,17,17,19,19,18,19,14,18,17,19,19,16,16,19,19,14,15,21,19,15,16,17,16,20,16,19,19,18,14,16,15,17,20,16,15,20,19,14,19,20,17,18,18,14,20,16,16,20,16,16,16,16,17,16,15,21,16,15,17,21,17,21,22,17,20,16,21,21,16,16,17,19,19,20,19,16,16,20,16,20,18,20,16,20,21,16,20,20,20,20,19,16,19,20,20,15,16,20,19,19,17,20,19,20,15,20,19,15,15,16,16,17,15,15,17,20,19,14,19,16,14,16,16,20,19,15,16,19,15,19,19,19,13,18,15,18,18,18,17,15,15,16,17,15,17,15,22,17,20,18,16,20,16,16,16,15,21,15,16,19,16,17,16,18,18,18,20,19,18,19,16,20,15,16,20,20,19,20,19,19,15,20,19,16,19,19
